contentuid	version	change	english	previous_polish	polish
h6299a92eg8049g117bga5b7g17d26b0619d6	3	update	"Defy Death. You have Advantage on Death Saving Throws.

Speedy Recovery. As a Bonus Action, you can expend one of your Hit Point Dice, roll the die, and regain a number of Hit Points equal to the roll."	"Oporny na śmierć. Masz ułatwienie w rzutach obronnych przeciwko śmierci.

Szybka regeneracja. Po wyleczeniu odzyskujesz maksymalną możliwą liczbę <LSTag Tooltip=""HitPoints"">punktów wytrzymałości</LSTag>."	"Oporny na śmierć. Masz ułatwienie w rzutach obronnych przeciwko śmierci.

Szybka regeneracja. W ramach akcji dodatkowej możesz wydać jedną ze swoich kości wytrzymałości, rzucić nią i odzyskać punkty wytrzymałości w liczbie równej wynikowi rzutu."
hf12dc8a9g3079g890agb1ffgdf7b91f3c03d	3	update	"Defy Death. You have Advantage on Death Saving Throws.

Speedy Recovery. As a Bonus Action, you can expend one of your Hit Point Dice, roll the die, and regain a number of Hit Points equal to the roll."	"Oporny na śmierć. Masz ułatwienie w rzutach obronnych przeciwko śmierci.

Szybka regeneracja. Po wyleczeniu odzyskujesz maksymalną możliwą liczbę <LSTag Tooltip=""HitPoints"">punktów wytrzymałości</LSTag>."	"Oporny na śmierć. Masz ułatwienie w rzutach obronnych przeciwko śmierci.

Szybka regeneracja. W ramach akcji dodatkowej możesz wydać jedną ze swoich kości wytrzymałości, rzucić nią i odzyskać punkty wytrzymałości w liczbie równej wynikowi rzutu."
h1d8bc12ega854g9fa6g115fg40f33b2e239c	1	add	Speedy Recovery		Szybka regeneracja
hfb0b810fg2b5egfcf3g6d93ge130d15d3a4b	1	add	As a Bonus Action, you can expend one of your Hit Point Dice, roll the die, and regain a number of Hit Points equal to the roll.		W ramach akcji dodatkowej możesz wydać jedną ze swoich kości wytrzymałości, rzucić nią i odzyskać punkty wytrzymałości w liczbie równej wynikowi rzutu.
h1cfa58a7g0e63gc978gdfebg07ca3910c91d	1	add	Speedy Recovery: D6		Szybka regeneracja: k6
hdc2803e7g3ab7gce12ge2e6g43b054b38cf0	1	add	Speedy Recovery: D8		Szybka regeneracja: k8
hdde6e8d1g2ffbg6a90g60c2g5429dfd26e6d	1	add	Speedy Recovery: D10		Szybka regeneracja: k10
h8abbf551g5ac0g6ad5g3629g6c8cc9989df7	1	add	Speedy Recovery: D12		Szybka regeneracja: k12
ha7e36a64gf9b4ge4cdge8cfg3a2c8714b1f5	1	add	Short Resting		Krótki odpoczynek
hdf3ad6cbg407cg0625gf796gbd2b01f64913	1	add	Charm Monster		Zauroczenie potwora
ha49909ccgbb48gcda2gfd1fg1f26911f185f	1	add	One creature you can see within range makes a Wisdom saving throw. It does so with Advantage if you or your allies are fighting it. On a failed save, the target has the Charmed condition until the spell ends or until you or your allies damage it. The Charmed creature is Friendly to you. When the spell ends, the target knows it was Charmed by you.		Jedna istota, którą widzisz w zasięgu czaru, wykonuje rzut obronny na Mądrość. Wykonuje go z ułatwieniem, jeśli ty lub twoi sojusznicy z nią walczycie. Przy niepowodzeniu cel zostaje zauroczony do końca działania czaru albo do chwili, gdy ty lub twoi sojusznicy zadacie mu obrażenia. Zauroczona istota jest do ciebie przyjaźnie nastawiona. Gdy czar się kończy, cel wie, że został przez ciebie zauroczony.
h2597c9e9g3525g4aabga530g4eff672a1b01	1	add	Scroll of Charm Monster		Zwój zauroczenia potwora
h0cce0e4fgf8f2g4536g8cc2g36c5c3834e7d	1	add	Usable Classes: Bard, Druid, Sorcerer, Warlock, Wizard		Dostępne klasy: Bard, Druid, Zaklinacz, Czarownik, Mag
h71308e2agebc9ga056g8f3ag64085d165f1c	1	add	Dragon Domain		Domena smoka
h50808f80gb6f2g1d53g8967g175e0d38d55f	1	add	Dragon		Smok
h700ea52eg9c99gd7e6gde4dg273c50946ace	1	add	"While dragons are the foremost worshipers of the Dragon Domain, the draconic deities accept the worship of any who crave wealth or power. Clerics of the Dragon Domain, often considered cultists, can channel the power and aspect of dragons, unleashing fearsome elemental magic and manifesting the awe-inspiring presence of an ancient wyrm.

The principal gods of the Dragon Domain include Tiamat, the five-headed mother of chromatic dragons, and Bahamut, the just and wise god of metallic dragons."		"Choć głównymi wyznawcami Domeny smoka są smoki, smocze bóstwa przyjmują cześć od każdego, kto pragnie bogactwa lub potęgi. Klerycy Domeny smoka, często uznawani za kultystów, potrafią czerpać ze smoczej mocy i przybierać smocze cechy, by władać przerażającą magią żywiołów i roztaczać budzący grozę majestat pradawnego smoka.

Do głównych bóstw Domeny smoka należą Tiamat, pięciogłowa matka smoków chromatycznych, oraz Bahamut, sprawiedliwy i mądry bóg smoków metalicznych."
h46b1b3ecg0868g9a06gedcegd7658cf8f65b	1	add	Level 3: Chromatic Affinity		Poziom 3: Chromatyczne powinowactwo
hc78a280cge0f8gaed4gabceg8275d4b016b4	3	add	Whenever you finish a Long Rest, choose Acid, Cold, Fire, Lightning, or Poison. Once per turn when you deal damage to a creature, you can deal extra damage of that type equal to your Cleric level to that creature. You can deal this extra damage a number of times equal to your Wisdom modifier (minimum of once). You regain all expended uses when you finish a Long Rest.		Po każdym ukończeniu długiego odpoczynku wybierz kwas, zimno, ogień, elektryczność lub truciznę. Raz na turę, gdy zadajesz obrażenia istocie, możesz zadać jej dodatkowe obrażenia wybranego typu w liczbie równej twojemu poziomowi kleryka. Możesz zadawać te dodatkowe obrażenia tyle razy, ile wynosi twój modyfikator Mądrości (co najmniej raz). Wszystkie zużyte użycia odzyskujesz po ukończeniu długiego odpoczynku.
hdeeff767g27feg17d7gd19dgdf3ed324b4f9	1	add	Level 3: Dragon Domain Spells		Poziom 3: Czary Domeny smoka
h13ce1cf5g78b1g36f4ge570g79a78fa8b13f	1	add	Your connection to this divine domain ensures you always have certain spells ready. When you reach a Cleric level specified in the Dragon Domain Spells table, you thereafter always have the listed spells prepared. At 3rd level, you always have Chromatic Orb, Command, Darkvision, and Dragon’s Breath prepared. At 5th level, Fly and Protection from Energy are added. At 7th level, you gain Banishment and Charm Monster, and at 9th level, Dominate Person and Synaptic Static.		Więź z tą boską domeną sprawia, że zawsze masz przygotowane określone czary. Po osiągnięciu poziomu kleryka wskazanego w tabeli Czarów Domeny smoka zawsze masz przygotowane wymienione w niej czary: na 3. poziomie — Barwna kula, Rozkaz, Widzenie w ciemności i Smocze zionięcie; na 5. poziomie — Lot i Ochrona przed energią; na 7. poziomie — Wypędzenie i Zauroczenie potwora; a na 9. poziomie — Dominacja nad osobą i Szum synaptyczny.
h7a72c71dge3ceg382dg0d4eg0a3a9f9e8d36	1	add	Level 3: Draconic Majesty		Poziom 3: Smoczy majestat
h8291ccc5gfdbegf769g12a5gc01ea2a4cbdd	1	add	As a Magic action, you can present your Holy Symbol and expend a use of your Channel Divinity to manifest an aura of draconic authority around yourself in a 30-foot Emanation. Choose the Charmed or Frightened condition. Each creature of your choice in the Emanation must succeed on a Wisdom saving throw or have the chosen condition for 1 minute. A creature Charmed or Frightened by this feature makes another Wisdom saving throw at the end of each of its turns, ending the condition on itself on a success.		W ramach akcji Magii możesz unieść święty symbol i zużyć jedno użycie Aktu wiary, aby roztoczyć wokół siebie aurę smoczej władzy w emanacji o promieniu 30 stóp. Wybierz stan zauroczenia lub przerażenia. Każda wybrana przez ciebie istota w emanacji musi wykonać udany rzut obronny na Mądrość albo otrzyma wybrany stan na 1 minutę. Istota zauroczona lub przerażona przez tę cechę ponawia rzut obronny na Mądrość na koniec każdej swojej tury. Przy powodzeniu stan się kończy.
h4c2abc64ge336g3c9fgef12g63a76733dcc7	1	add	Level 6: Wyrm’s Blessing		Poziom 6: Błogosławieństwo smoka
h9df6513eg20a3ge93age02fg7190bcec269a	1	add	You can expend a use of your Channel Divinity to cast Dragon’s Breath or Protection from Energy on yourself rather than expending a spell slot. When you cast either spell in this way, the spell doesn’t require Concentration. This spell ends early if you cast that spell again, have the Incapacitated condition, or die.		Możesz zużyć jedno użycie Aktu wiary, aby rzucić na siebie Smocze zionięcie lub Ochronę przed energią bez zużywania komórki czaru. Czar rzucony w ten sposób nie wymaga koncentracji. Kończy się wcześniej, jeśli rzucisz ponownie ten sam czar, zostaniesz obezwładniony albo umrzesz.
h4b5feaf6g9b01g5ee4gd966g55a524693904	1	add	Chromatic Affinity		Chromatyczne powinowactwo
h917c7e4ag19b5g9911g778dgac0c75a9bba9	1	add	Chromatic Affinity		Chromatyczne powinowactwo
hf814f210g333ag4aeag5f87g929a9260c5cb	2	add	Whenever you finish a Long Rest, choose Acid, Cold, Fire, Lightning, or Poison. Once per turn when you deal damage to a creature, you can deal extra damage of that type equal to your Cleric level to that creature.		Po każdym ukończeniu długiego odpoczynku wybierz kwas, zimno, ogień, elektryczność lub truciznę. Raz na turę, gdy zadajesz obrażenia istocie, możesz zadać jej dodatkowe obrażenia wybranego typu w liczbie równej twojemu poziomowi kleryka.
h95ac559eg6dcdg0056g3f01g9fd5c3cd7651	1	add	You can deal this extra damage a number of times equal to your Wisdom modifier (minimum of once). You regain all expended uses when you finish a Long Rest.		Możesz zadawać te dodatkowe obrażenia tyle razy, ile wynosi twój modyfikator Mądrości (co najmniej raz). Wszystkie zużyte użycia odzyskujesz po ukończeniu długiego odpoczynku.
hb2f87a7eg90a5g255cg636bg1f5548aff156	1	add	Chromatic Affinity: Acid		Chromatyczne powinowactwo: Kwas
h5cfa6ed7gb49cg717eg9b8eg52489fe685fa	1	add	Chromatic Affinity: Cold		Chromatyczne powinowactwo: Zimno
ha0376bb1gdbb7g0bb3ga698gc766dfb4c76d	1	add	Chromatic Affinity: Fire		Chromatyczne powinowactwo: Ogień
he8275a17g6f90ge548g0527g7eb734361d44	1	add	Chromatic Affinity: Lightning		Chromatyczne powinowactwo: Elektryczność
h83d343fag216fgb910gf153gf26139ab8f44	1	add	Chromatic Affinity: Poison		Chromatyczne powinowactwo: Trucizna
h09a86c40g734agfef8ga34ag6e9bb7f6107b	1	add	Chromatic Affinity		Chromatyczne powinowactwo
h6f54d84fg4fd2g1714g3774ge9393a34b2a1	2	add	Once per turn when you deal damage to a creature, you can deal extra damage of that type equal to your Cleric level to that creature. You can deal this extra damage a number of times equal to your Wisdom modifier (minimum of once). You regain all expended uses when you finish a Long Rest.		Raz na turę, gdy zadajesz obrażenia istocie, możesz zadać jej dodatkowe obrażenia wybranego typu w liczbie równej twojemu poziomowi kleryka. Możesz zadawać te dodatkowe obrażenia tyle razy, ile wynosi twój modyfikator Mądrości (co najmniej raz). Wszystkie zużyte użycia odzyskujesz po ukończeniu długiego odpoczynku.
h8042d3adgdd7eg4c14g16d3gf172853c762d	1	add	Chromatic Affinity: Acid		Chromatyczne powinowactwo: Kwas
hbcae2db7gfa67g091fg9f12gd7c998b920f3	1	add	You can deal extra damage of that type equal to your Cleric level to that creature.		Możesz zadać tej istocie dodatkowe obrażenia wybranego typu w liczbie równej twojemu poziomowi kleryka.
hc1a4e31fgc275g5c08g42adgaa576cec3cda	1	add	Chromatic Affinity: Cold		Chromatyczne powinowactwo: Zimno
h76b4fd55gd816g6a6bgf036gd751e5af63d9	1	add	Chromatic Affinity: Fire		Chromatyczne powinowactwo: Ogień
hf56293bcgbef0g670dgdc2cgaafbafce938b	1	add	Chromatic Affinity: Lightning		Chromatyczne powinowactwo: Elektryczność
h14d47d15g4714gda83gb886gb2129b493f72	1	add	Chromatic Affinity: Poison		Chromatyczne powinowactwo: Trucizna
h5f5a35c1g26a9g4d26gd62dg67f7db26195d	1	add	Draconic Majesty		Smoczy majestat
h929e2b24g4c43g4ea9g6a85g0a755b1c242c	1	add	As a Magic action, you can present your Holy Symbol and expend a use of your Channel Divinity to manifest an aura of draconic authority around yourself in a 30-foot Emanation. Choose the Charmed or Frightened condition. Each creature of your choice in the Emanation must succeed on a Wisdom saving throw or have the chosen condition for 1 minute. A creature Charmed or Frightened by this feature makes another Wisdom saving throw at the end of each of its turns, ending the condition on itself on a success.		W ramach akcji Magii możesz unieść święty symbol i zużyć jedno użycie Aktu wiary, aby roztoczyć wokół siebie aurę smoczej władzy w emanacji o promieniu 30 stóp. Wybierz stan zauroczenia lub przerażenia. Każda wybrana przez ciebie istota w emanacji musi wykonać udany rzut obronny na Mądrość albo otrzyma wybrany stan na 1 minutę. Istota zauroczona lub przerażona przez tę cechę ponawia rzut obronny na Mądrość na koniec każdej swojej tury. Przy powodzeniu stan się kończy.
hb624c73cg11bag0d81g0177g2934801a6f74	1	add	Draconic Majesty: Charm		Smoczy majestat: Zauroczenie
h6845e7aag9f14gfc51ga53fg76a2de6fedff	1	add	Draconic Majesty: Fear		Smoczy majestat: Strach
haeaea6cdg7780g0792g7800g63f6fd5ec861	1	add	Draconic Majesty: Charm		Smoczy majestat: Zauroczenie
hc2270a33gb236gcf12g676bga9ec6586e785	1	add	Draconic Majesty: Fear		Smoczy majestat: Strach
ha5ac9c2egbb38gb14cg097ag8ecd055eca21	1	add	Dragon's Breath (Wyrm’s Blessing)		Smocze zionięcie (Błogosławieństwo smoka)
hc79d025ag7d3dg2747g4484gd5d955fd41ce	1	add	Protection from Energy (Wyrm’s Blessing)		Ochrona przed energią (Błogosławieństwo smoka)
h3c8c473bg26ecg406cg8973g137185d1207f	1	add	Scroll of Arcane Eye		Zwój magicznego oka
hf2447855gf57fg407cga1d1gfc8287530812	1	add	Usable Classes: Artificer, Wizard		Dostępne klasy: Wynalazca, Mag
hbd109ef3g9b77g45c3g3819g04b7311ec63c	1	add	Conjurer		Mag przywoływania
hc7b7ab9ag8476g62b1g36d1g41c9e880470e	1	add	A Conjurer considers distance and matter to be flexible guidelines rather than physical laws. Conjurers master magic that moves creatures instantly through space and summons creatures to fight on their behalf.		Mag przywoływania uważa odległość i materię za elastyczne wytyczne, a nie niezmienne prawa fizyki. Magowie przywoływania opanowują magię, która błyskawicznie przenosi istoty w przestrzeni i przywołuje je do walki w ich imieniu.
hc41c5523g44d9gbf23g1e24gff79280418c3	1	add	Benign Transposition		Bezpieczne przeniesienie
hc4ff4646g7186g7eccgcd65ge739c13a4219	1	add	"As a Bonus Action, you teleport up to 30 feet to an unoccupied space that you can see. Alternatively, you can choose a space within range that is occupied by a Medium or smaller creature. If that creature is willing, you both teleport, swapping places.

You can use this feature a number of times equal to your Intelligence modifier (minimum of once), and you regain all expended uses when you finish a Long Rest."		"W ramach akcji dodatkowej teleportujesz się na odległość do 30 stóp w niezajęte miejsce, które widzisz. Zamiast tego możesz wybrać miejsce w zasięgu zajęte przez istotę o rozmiarze średnim lub mniejszym. Jeśli ta istota wyraża zgodę, oboje teleportujecie się, zamieniając się miejscami.

Możesz użyć tej zdolności tyle razy, ile wynosi twój modyfikator Inteligencji (co najmniej raz), a wszystkie zużyte użycia odzyskujesz po ukończeniu długiego odpoczynku."
h75b66feageb05g5a0fg580agd8c59865fa54	1	add	Level 3: Benign Transposition		Poziom 3: Bezpieczne przeniesienie
h8d3354dag4ecag38a2g2766ge86be91e3c69	2	add	As a Bonus Action, you teleport up to 30 feet to an unoccupied space that you can see. Alternatively, you can choose a space within range that is occupied by a Medium or smaller creature. If that creature is willing, you both teleport, swapping places.		W ramach akcji dodatkowej teleportujesz się na odległość do 30 stóp w niezajęte miejsce, które widzisz. Zamiast tego możesz wybrać miejsce w zasięgu zajęte przez istotę o rozmiarze średnim lub mniejszym. Jeśli ta istota wyraża zgodę, oboje teleportujecie się, zamieniając się miejscami.
hcccc4dceg63b3gc519geaffg4222fa9c8272	1	add	Level 6: Distant Transposition		Poziom 6: Dalekie przeniesienie
h548afd77gc2b3g89dfgd738gf776357e3e79	1	add	The range of your Benign Transposition feature increases to 60 feet. Additionally, you can restore one use of it by expending a level 3+ spell slot (no action required).		Zasięg twojej zdolności Bezpieczne przeniesienie zwiększa się do 60 stóp. Ponadto możesz odzyskać jedno jej użycie, zużywając komórkę czaru 3. poziomu lub wyższego (bez użycia akcji).
h6aeeffe5ga331g4d44gda45g81df573d25ff	1	add	Distant Transposition		Dalekie przeniesienie
h7e99425cg912fg30f6gef4ag9591cab2c074	1	add	You can restore one use of it by expending a level 3+ spell slot (no action required).		Możesz odzyskać jedno użycie tej zdolności, zużywając komórkę czaru 3. poziomu lub wyższego (bez użycia akcji).
h032fd619gf949g7b67gc02bg1aa49a47f618	1	add	Level 6: Durable Summons		Poziom 6: Wytrzymały przywołaniec
h348b7b47g62dbg7635g9ffdgd83c78b35a50	1	add	When you cast a Conjuration spell to summon or create a creature using a spell slot, that creature gains Temporary Hit Points equal to twice your Wizard level when it first appears. While it has these Temporary Hit Points, the creature has Resistance to every damage type except Force, Necrotic, Psychic, and Radiant.		Gdy rzucasz czar ze szkoły przywoływania z użyciem komórki czaru, aby przywołać lub stworzyć istotę, przy pierwszym pojawieniu się zyskuje ona tymczasowe punkty wytrzymałości w liczbie równej dwukrotności twojego poziomu maga. Dopóki ma te tymczasowe punkty wytrzymałości, jest odporna na wszystkie typy obrażeń z wyjątkiem obrażeń od mocy, nekrotycznych, psychicznych i od światłości.
h845a3236geefbg33beg185bg2467fff43415	1	add	Durable Summons		Wytrzymały przywołaniec
h676e103bg0c14g6342g9a43ge904948df27a	1	add	Creature gains Temporary Hit Points equal to twice your Wizard level when it first appears. While it has these Temporary Hit Points, the creature has Resistance to every damage type except Force, Necrotic, Psychic, and Radiant.		Przy pierwszym pojawieniu się istota zyskuje tymczasowe punkty wytrzymałości w liczbie równej dwukrotności twojego poziomu maga. Dopóki ma te tymczasowe punkty wytrzymałości, jest odporna na wszystkie typy obrażeń z wyjątkiem obrażeń od mocy, nekrotycznych, psychicznych i od światłości.
he3310d1eg838ag9594g63d0gcbf4b8b107d2	1	add	Level 10: Focused Conjuration		Poziom 10: Skupienie
haae34dd9ga779g179bg2051g0adab6f310a9	1	add	Durable Summons		Wytrzymały przywołaniec
hb61679e8gf7a0g939cgc02dg8a227cb4d2d5	1	add	When you cast a Conjuration spell to summon or create a creature using a spell slot, that creature gains Temporary Hit Points equal to twice your Wizard level when it first appears. While it has these Temporary Hit Points, the creature has Resistance to every damage type except Force, Necrotic, Psychic, and Radiant.		Gdy rzucasz czar ze szkoły przywoływania z użyciem komórki czaru, aby przywołać lub stworzyć istotę, przy pierwszym pojawieniu się zyskuje ona tymczasowe punkty wytrzymałości w liczbie równej dwukrotności twojego poziomu maga. Dopóki ma te tymczasowe punkty wytrzymałości, jest odporna na wszystkie typy obrażeń z wyjątkiem obrażeń od mocy, nekrotycznych, psychicznych i od światłości.
h123ff8ddg420ag53f6g8efeg32d98a85eac9	1	add	Enchanter		Mag uroków
h6be8fe6age82fgfd69g1610g7692b75277f2	1	add	An Enchanter’s magic clouds or captivates minds. Some Enchanters use their abilities to encourage peace and soften cruelty, while others use their mind-altering magic for selfish ends.		Magia maga uroków mami lub zniewala umysły. Niektórzy magowie uroków wykorzystują swoje zdolności, by szerzyć pokój i łagodzić okrucieństwo, inni zaś posługują się magią wpływającą na umysł dla własnych korzyści.
h9bde2779g064egab2ege791gee222211a30b	1	add	Level 3: Enchanting Conversationalist		Poziom 3: Czarujący rozmówca
h84aa3819g842cg5b17g3e49g4427df0447bd	1	add	"You gain proficiency in one of the following skills of your choice: Deception, Intimidation, or Persuasion.

In addition, when you make an ability check with the chosen skill, you gain a bonus to the check equal to your Intelligence modifier (minimum of +1)."		"Zyskujesz biegłość w jednej z następujących umiejętności do wyboru: Oszustwo, Zastraszanie lub Perswazja.

Ponadto, gdy wykonujesz test cechy z użyciem wybranej umiejętności, zyskujesz premię do testu równą twojemu modyfikatorowi Inteligencji (co najmniej +1)."
h89122619g378dg1ff7g1a75g5ef227f1467d	1	add	Enchanting Conversationalist		Czarujący rozmówca
h1246a417geb5dgf4cfg5eb1g171763d119f0	1	add	You gain proficiency in one of the following skills of your choice: Deception, Intimidation, or Persuasion.		Zyskujesz biegłość w jednej z następujących umiejętności do wyboru: Oszustwo, Zastraszanie lub Perswazja.
h3b09fcbeg2879g3b52ge18ag616f586c2db2	1	add	You can use this feature a number of times equal to your Intelligence modifier (minimum of once), and you regain all expended uses when you finish a Long Rest.		Możesz użyć tej zdolności tyle razy, ile wynosi twój modyfikator Inteligencji (co najmniej raz), a wszystkie zużyte użycia odzyskujesz po ukończeniu długiego odpoczynku.
h3bb95d5cg43aeg5524g5c91ga2aac1cc18fb	1	add	Level 3: Hypnotic Presence		Poziom 3: Hipnotyzująca obecność
h44ce0999gffb8gccf4g4429gb9df80d8aa64	1	add	Your charming words and enchanting gaze can enthrall another creature. As a Magic action, choose one creature that you can see within 10 feet of yourself. If the target can see or hear you, it must succeed on a Wisdom saving throw against your spell save DC or have the Charmed condition for 1 minute or until the target is more than 10 feet away from you, the target can neither see nor hear you, or the target takes damage. While Charmed, the target has the Incapacitated condition and a Speed of 0.		Twoje czarujące słowa i zniewalające spojrzenie mogą omamić inną istotę. W ramach akcji Magii wybierz jedną istotę, którą widzisz w odległości do 10 stóp od siebie. Jeśli cel cię widzi lub słyszy, musi wykonać rzut obronny na Mądrość przeciwko twojemu ST obrony przed czarami. Przy niepowodzeniu otrzymuje stan zauroczenia na 1 minutę lub do chwili, gdy znajdzie się dalej niż 10 stóp od ciebie, nie będzie cię ani widzieć, ani słyszeć lub otrzyma obrażenia. Dopóki cel jest zauroczony, ma stan obezwładnienia, a jego szybkość ruchu wynosi 0.
h3bc5a082gab19g8d32gbfdbgd768db453f47	1	add	You can use this feature a number of times equal to your Intelligence modifier (minimum of once), and you regain all expended uses when you finish a Long Rest.		Możesz użyć tej zdolności tyle razy, ile wynosi twój modyfikator Inteligencji (co najmniej raz), a wszystkie zużyte użycia odzyskujesz po ukończeniu długiego odpoczynku.
h647d27f8gbc52g96e1g69cdg315a86dcccf8	1	add	Hypnotic Presence		Hipnotyzująca obecność
h41be3339gff95gfe41g8417g1c4c7af89f07	1	add	Hypnotic Presence		Hipnotyzująca obecność
he44f5a5ag8903g58a8g0e1cg2ea347073734	1	add	"As a Magic action, choose one creature that you can see within 10 feet of yourself. If the target can see or hear you, it must succeed on a Wisdom saving throw against your spell save DC or have the Charmed condition for 1 minute or until the target is more than 10 feet away from you, the target can neither see nor hear you, or the target takes damage. While Charmed, the target has the Incapacitated condition and a Speed of 0.

You can use this feature a number of times equal to your Intelligence modifier (minimum of once), and you regain all expended uses when you finish a Long Rest."		"W ramach akcji Magii wybierz jedną istotę, którą widzisz w odległości do 10 stóp od siebie. Jeśli cel cię widzi lub słyszy, musi wykonać rzut obronny na Mądrość przeciwko twojemu ST obrony przed czarami. Przy niepowodzeniu otrzymuje stan zauroczenia na 1 minutę lub do chwili, gdy znajdzie się dalej niż 10 stóp od ciebie, nie będzie cię ani widzieć, ani słyszeć lub otrzyma obrażenia. Dopóki cel jest zauroczony, ma stan obezwładnienia, a jego szybkość ruchu wynosi 0.

Możesz użyć tej zdolności tyle razy, ile wynosi twój modyfikator Inteligencji (co najmniej raz), a wszystkie zużyte użycia odzyskujesz po ukończeniu długiego odpoczynku."
h31766f48g123fg5436g7cebgadbfe368d420	1	add	Hypnotic Presence		Hipnotyzująca obecność
hb8b45ed8gd527g7604ge1c1g6df8c0481f88	1	add	Hypnotic Presence		Hipnotyzująca obecność
h399533aeg04deg1545ge033g15234947d673	1	add	Your enchanting gaze holds a creature enthralled. The target is Charmed, Incapacitated, and its Speed is 0. The effect ends if the target moves more than 10 feet away from you, can neither see nor hear you, or takes damage.		Twoje zniewalające spojrzenie utrzymuje istotę w transie. Cel ma stany zauroczenia i obezwładnienia, a jego szybkość ruchu wynosi 0. Efekt kończy się, jeśli cel oddali się od ciebie na więcej niż 10 stóp, nie będzie cię ani widzieć, ani słyszeć lub otrzyma obrażenia.
hd522fd82g6859g80ddg72bdge8cf9faa0204	1	add	Level 6: Split Enchantment		Poziom 6: Podwójne zauroczenie
h1b565bd8g75aagd7d4g1b3bg1fcb7e03fd42	1	add	When you use a spell slot to cast an Enchantment spell, such as Charm Person, that can be cast with a higher-level spell slot to target an additional creature, you can increase the spell’s effective level by 1.		Gdy używasz komórki czaru, aby rzucić czar ze szkoły uroków, taki jak Zauroczenie osoby, który można rzucić przy użyciu komórki czaru wyższego poziomu, aby objąć działaniem dodatkową istotę, możesz zwiększyć efektywny poziom czaru o 1.
h7d534ffdg3cbfg9db5g5b60g59c579d97371	1	add	You can use this feature a number of times equal to your Intelligence modifier, and you regain all expended uses when you finish a Long Rest.		Możesz użyć tej zdolności tyle razy, ile wynosi twój modyfikator Inteligencji, a wszystkie zużyte użycia odzyskujesz po ukończeniu długiego odpoczynku.
h11957647g4276gb09ag4435g42f5fce38d74	1	add	Split Enchantment		Podwójne zauroczenie
ha516d403gf15cgb9d8ga87dgc79c55b2ab57	1	add	"When you use a spell slot to cast an Enchantment spell, such as Charm Person, that can be cast with a higher-level spell slot to target an additional creature, you can increase the spell’s effective level by 1.

You can use this feature a number of times equal to your Intelligence modifier, and you regain all expended uses when you finish a Long Rest."		"Gdy używasz komórki czaru, aby rzucić czar ze szkoły uroków, taki jak Zauroczenie osoby, który można rzucić przy użyciu komórki czaru wyższego poziomu, aby objąć działaniem dodatkową istotę, możesz zwiększyć efektywny poziom czaru o 1.

Możesz użyć tej zdolności tyle razy, ile wynosi twój modyfikator Inteligencji, a wszystkie zużyte użycia odzyskujesz po ukończeniu długiego odpoczynku."
h0005f137g771bg2b3cg5627g7a45c18cdc2f	1	add	Instinctive Charm		Instynktowny urok
ha168556fge640g4803ge1f6g5b1181795ede	2	add	"When a creature within 30 feet of you that you can see hits you with an attack roll, you can take a Reaction to force the attacker to make a Wisdom saving throw against your spell save DC. On a failed save, the attack misses instead, and if there is another creature within range of the attack other than the attacker, the attacker targets that creature with the triggering attack.

Once you take this Reaction, you can’t do so again until you finish a Long Rest. You can also restore your use of it by casting an Enchantment spell with a spell slot."		"Gdy istota, którą widzisz w odległości do 30 stóp od siebie, trafi cię w wyniku testu ataku, możesz użyć reakcji, aby zmusić atakującego do wykonania rzutu obronnego na Mądrość przeciwko twojemu ST obrony przed czarami. Przy niepowodzeniu atak zamiast tego chybia, a jeśli w jego zasięgu znajduje się inna istota (poza atakującym), atakujący kieruje atak, który wywołał tę reakcję, przeciwko niej.

Gdy użyjesz tej reakcji, nie możesz zrobić tego ponownie do ukończenia długiego odpoczynku. Możesz również odzyskać jej użycie, rzucając czar ze szkoły uroków z użyciem komórki czaru."
h03f62749g8d93g697age178g6e00c7505c96	1	add	Level 10: Instinctive Charm		Poziom 10: Instynktowny urok
he504c8bcgc377gbf92g559cgc2e5c646bb4c	2	add	When a creature within 30 feet of you that you can see hits you with an attack roll, you can take a Reaction to force the attacker to make a Wisdom saving throw against your spell save DC. On a failed save, the attack misses instead, and if there is another creature within range of the attack other than the attacker, the attacker targets that creature with the triggering attack.		Gdy istota, którą widzisz w odległości do 30 stóp od siebie, trafi cię w wyniku testu ataku, możesz użyć reakcji, aby zmusić atakującego do wykonania rzutu obronnego na Mądrość przeciwko twojemu ST obrony przed czarami. Przy niepowodzeniu atak zamiast tego chybia, a jeśli w jego zasięgu znajduje się inna istota (poza atakującym), atakujący kieruje atak, który wywołał tę reakcję, przeciwko niej.
hbb9b2b7eg8826g4f26g8eebg4b4f9f10f7cf	1	add	Once you take this Reaction, you can’t do so again until you finish a Long Rest. You can also restore your use of it by casting an Enchantment spell with a spell slot.		Gdy użyjesz tej reakcji, nie możesz zrobić tego ponownie do ukończenia długiego odpoczynku. Możesz również odzyskać jej użycie, rzucając czar ze szkoły uroków z użyciem komórki czaru.
h2b3e0b5egc58eg3bcfg3be2g8ffaee250109	2	add	When a creature within 30 feet of you that you can see hits you with an attack roll, you can take a Reaction to force the attacker to make a Wisdom saving throw against your spell save DC. On a failed save, the attack misses instead, and if there is another creature within range of the attack other than the attacker, the attacker targets that creature with the triggering attack.		Gdy istota, którą widzisz w odległości do 30 stóp od siebie, trafi cię w wyniku testu ataku, możesz użyć reakcji, aby zmusić atakującego do wykonania rzutu obronnego na Mądrość przeciwko twojemu ST obrony przed czarami. Przy niepowodzeniu atak zamiast tego chybia, a jeśli w jego zasięgu znajduje się inna istota (poza atakującym), atakujący kieruje atak, który wywołał tę reakcję, przeciwko niej.
h9fba7f8cg5990g9731g72f0gc76809331e7a	1	add	Once you take this Reaction, you can’t do so again until you finish a Long Rest. You can also restore your use of it by casting an Enchantment spell with a spell slot.		Gdy użyjesz tej reakcji, nie możesz zrobić tego ponownie do ukończenia długiego odpoczynku. Możesz również odzyskać jej użycie, rzucając czar ze szkoły uroków z użyciem komórki czaru.
hc2b51980g6775g7323gcf19g5d9e18a98005	1	add	Warrior of the Mystic Arts		Wojownik sztuk mistycznych
h11ad4ab1g7828gb79dg3f0bgbed8aba86f24	1	add	Warriors of the Mystic Arts wield magic to supplement their martial skill. They harness mystical focus to enhance their magical and physical abilities.		Wojownicy sztuk mistycznych wspierają swoje umiejętności bojowe magią. Wykorzystują mistyczne skupienie, aby wzmacniać swoje zdolności magiczne i fizyczne.
hec0b81e7gcaecg454dg6a01gf7ee3f06f85d	1	add	Level 6: Mystic Focus		Poziom 6: Mistyczne skupienie
hecde9e49gd641g0f52g4669g1283cdf5dab4	1	add	"You keep your magical power and martial focus in perfect balance, allowing you to convert spell slots into Focus Points, or convert Focus Points into spell slots.

Converting Spell Slots to Focus Points. You can expend a spell slot to regain a number of expended Focus Points equal to the slot’s level (no action required).

Recovering Spell Slots. When you finish a Short Rest or use Uncanny Metabolism, you can transform unexpended Focus Points to recover one expended spell slot. The Recovering Spell Slots table shows the cost of recovering a spell slot of a given level, and it lists the minimum Monk level you must be to recover a slot. You can recover a spell slot no higher than level 4."		"Utrzymujesz doskonałą równowagę między magiczną mocą a skupieniem w walce, dzięki czemu możesz zamieniać komórki czarów na punkty skupienia i odwrotnie.

Zamiana komórek czarów na punkty skupienia. Możesz zużyć komórkę czaru, aby odzyskać wydane punkty skupienia w liczbie równej poziomowi tej komórki (nie wymaga to akcji).

Odzyskiwanie komórek czarów. Po ukończeniu krótkiego odpoczynku albo użyciu Niesamowitego metabolizmu możesz wydać dostępne punkty skupienia, aby odzyskać jedną zużytą komórkę czaru. Tabela Odzyskiwanie komórek czarów podaje koszt odzyskania komórki danego poziomu oraz minimalny poziom mnicha, na którym możesz ją odzyskać. Możesz odzyskać komórkę czaru najwyżej 4. poziomu."
hc923040bgca3dgc5c9g86f9g4961f50ef2b1	1	add	Recovering Spell Slots		Odzyskiwanie komórek czarów
h521fcee3g5076g1662gb3feg58e482fefd60	1	add	When you finish a Short Rest or use Uncanny Metabolism, you can transform unexpended Focus Points to recover one expended spell slot. The Recovering Spell Slots table shows the cost of recovering a spell slot of a given level, and it lists the minimum Monk level you must be to recover a slot. You can recover a spell slot no higher than level 4.		Po ukończeniu krótkiego odpoczynku albo użyciu Niesamowitego metabolizmu możesz wydać dostępne punkty skupienia, aby odzyskać jedną zużytą komórkę czaru. Tabela Odzyskiwanie komórek czarów podaje koszt odzyskania komórki danego poziomu oraz minimalny poziom mnicha, na którym możesz ją odzyskać. Możesz odzyskać komórkę czaru najwyżej 4. poziomu.
hf7dfcf7fg4e1ag688fg2a49g07e3bc897b31	1	add	Converting Spell Slots to Focus Points		Zamiana komórek czarów na punkty skupienia
hb46caa96g23cdg8908gb49eg3c668e19bb74	2	add	You can expend a spell slot to regain a number of expended Focus Points equal to the slot’s level (no action required).		Możesz zużyć komórkę czaru, aby odzyskać wydane punkty skupienia w liczbie równej poziomowi tej komórki (nie wymaga to akcji).
h1846a635g5d11g2a48gdfa8g34c7ee362d62	1	add	Level 11: Focused Strike		Poziom 11: Cios skupienia
h52765eb1g3d0bge0a8g7790g0698b9e7e8e0	1	add	When you use your Stunning Strike, whether the target succeeds or fails on the saving throw, the target has Disadvantage on saving throws against your spells until the start of your next turn.		Gdy używasz Ogłuszającego ciosu, niezależnie od powodzenia lub niepowodzenia rzutu obronnego celu, cel ma utrudnienie w rzutach obronnych przeciwko twoim czarom do początku twojej następnej tury.
hd40f8684ge685g4a35gcbaeg8aa04eb449f0	1	add	Focused Strike		Cios skupienia
he593bdb3gf499g45f7g7575g4056a12e962e	1	add	Level 2: Swift Retribution		Poziom 2: Błyskawiczna odpłata
h452a000dga353g062cg813ag5f0dbe397e9d	1	add	When an interdicted creature provokes an opportunity attack from you, you can make that attack without using your reaction, provided you’re not incapacitated. Once you benefit from this boon, you can’t do so again until the start of your next turn.		Gdy istota objęta interdyktem prowokuje twój atak okazyjny, możesz wykonać ten atak bez zużywania reakcji, o ile nie masz stanu obezwładnienia. Po skorzystaniu z tej łaski nie możesz użyć jej ponownie do początku swojej następnej tury.
h82ab0f55g1aa2g4c20ga6dcg6e0ed9ea3d25	1	add	Swift Retribution		Błyskawiczna odpłata
h5f232606g766cg4c15ga98cg4f29d9809829	1	add	When an interdicted creature provokes an opportunity attack from you, you can make that attack without using your reaction, provided you’re not incapacitated. Once you benefit from this boon, you can’t do so again until the start of your next turn.		Gdy istota objęta interdyktem prowokuje twój atak okazyjny, możesz wykonać ten atak bez zużywania reakcji, o ile nie masz stanu obezwładnienia. Po skorzystaniu z tej łaski nie możesz użyć jej ponownie do początku swojej następnej tury.
