uid	english	official_ukrainian	current_ukrainian	official_count
h64e7021cg8b69g3f60gde38gd59f3cdc5846	Push	Натиснути	Поштовх	7
h5acf268bg7a2dgd7c7g4d2dg20caffe2e8a4	"You can kick targets up to twice the weight that <LSTag Type=""Spell"" Tooltip=""Target_Shove"">Shoving</LSTag> them would allow."	"Ви можете копнути ціль, що вдвічі важча за вагу, яку ви здатні <LSTag Type=""Spell"" Tooltip=""Target_Shove"">штовхнути</LSTag>."	"Ви можете копнути ціль, що важить удвічі більше за найбільшу вагу, яку ви здатні <LSTag Type=""Spell"" Tooltip=""Target_Shove"">штовхнути</LSTag>."	1
h62870381g3b8dgbb2cgfc78gf6ba26bd778f	The number of times you can channel your divine powers.	Показник можливої кількості наснажень божих сил.	Кількість доступних застосувань Божого наснаження.	1
h0e2c2a49gb8a7g78d8gf687gb0cdc6987be7	The number of times you can use your Wild Shape.	Показник можливої кількості використаннь дикої подоби.	Кількість доступних застосувань Дикої подоби.	1
h3d5751c2gc7e1ge1c7g2187gc1dfba8f54e2	%%% EMPTY	EMPTY	ПУСТО	29
h556b4fb3g5a97gb81cg3f21gd57ac1f02a0d	%%% EMPTY	EMPTY	ПУСТО	29
hdfc28510gf4cdgb66eg531fg3918cc8b3df9	"Cover more distance this turn: double your <LSTag Tooltip=""MovementSpeed"">movement speed</LSTag>."	"Подолати більшу відстань цього ходу: подвійна <LSTag Tooltip=""MovementSpeed"">швидкість руху</LSTag>."	"Цього ходу долайте більшу відстань: ваша <LSTag Tooltip=""MovementSpeed"">швидкість руху</LSTag> подвоюється."	1
h5248daffg03b1g4eeeg4498gaafc4796eece	"Retreat safely: moving won't provoke <LSTag Tooltip=""OpportunityAttack"">Opportunity Attacks</LSTag>."	"Безпечний відхід: пересування не провокує <LSTag Tooltip=""OpportunityAttack"">принагідної атаки</LSTag>."	"Безпечний відхід: переміщення не провокує <LSTag Tooltip=""OpportunityAttack"">принагідних атак</LSTag>."	2
h5821657eg6a48gdd10gb380ga906788793a5	Conjure [1] beam(s) of crackling energy.	Вичарувати [1] промінь(-ені) іскристої енергії.	Вичарувати промені іскристої енергії — [1].	1
h0e37672dgdb7bg5838g12bcg8e96a88d3d98	Strike with your weapon, afflicting your foe with a resonance that hurts them for [1] when they move.	Ударити зброєю, спричинивши резонанс, що завдає [1], коли ворог рухається.	Ударити зброєю, наповнивши ворога резонансом, який завдає йому [1], коли той рухається.	1
h5b423612ge7e5g8736gd607g7c134dc79c3a	Performance	Продуктивність	Артистичність	4
hdc9b288fg9711g7a53gfe81g9448c4523a2c	Persuasion	Переконливість	Переконання	2
h9683622cg2b30ga13egcae5g1c9525ef5014	"You gain <LSTag Tooltip=""ArmourProficiency"">Armour Proficiency</LSTag> with Medium Armour and shields, and your <LSTag Tooltip=""Strength"">Strength</LSTag> or <LSTag Tooltip=""Dexterity"">Dexterity</LSTag> increases by 1, to a maximum of 20."	"Персонаж отримує <LSTag Tooltip=""ArmourProficiency"">спеціалізацію</LSTag> на середніх обладунках, а його <LSTag Tooltip=""Strength"">сила</LSTag> або <LSTag Tooltip=""Dexterity"">спритність</LSTag> зростає на 1, але не вище за 20."	"Ви отримуєте <LSTag Tooltip=""ArmourProficiency"">спеціалізацію</LSTag> на середніх обладунках і щитах, а ваша <LSTag Tooltip=""Strength"">сила</LSTag> або <LSTag Tooltip=""Dexterity"">спритність</LSTag> зростає на 1, але не вище за 20."	1
h8ccd7ec2g9ed6g29bdgcacfg269b2a087595	%%% EMPTY	EMPTY	ПУСТО	29
h4cb8944dg8c41g9ac6g6980gc440a0c3f06a	"You cannot be forcibly moved by a foe's spells or actions, and you ignore the effects of <LSTag Type=""Status"" Tooltip=""DIFFICULT_TERRAIN"">Difficult Terrain</LSTag>. "	"Ворожі закляття та дії не здатні зрушити вас з місця, а <LSTag Type=""Status"" Tooltip=""DIFFICULT_TERRAIN"">складний рельєф</LSTag> не впливає на вас."	"Ворожі закляття та дії не здатні зрушити вас з місця, а <LSTag Type=""Status"" Tooltip=""DIFFICULT_TERRAIN"">важкопрохідна місцевість</LSTag> не впливає на вас."	1
hb4966935g797fgd4eeg3b81gfdb9e22897c3	"<LSTag Type=""Status"" Tooltip=""POISONED"">Poison</LSTag> a target and possibly afflict them with a disease of your choice. "	"<LSTag Type=""Status"" Tooltip=""POISONED"">Отруїти</LSTag> ворога з вірогідністю заразити вибраною хворобою."	"<LSTag Type=""Status"" Tooltip=""POISONED"">Отруїти</LSTag> ціль і, можливо, заразити її вибраною вами хворобою."	1
h15d4347egf4adg1955g7c5agb0611504409c	"Make your attacks deal an additional [1] damage to the target and give it <LSTag Tooltip=""Disadvantage"">Disadvantage</LSTag> on an <LSTag Tooltip=""Abilities"">Ability</LSTag> of your choosing."	"Ціль зазнаватиме додаткові [1] шкоди щоразу, як ви її атакуєте. Також вона матиме <LSTag Tooltip=""Disadvantage"">заваду</LSTag> для <LSTag Tooltip=""Abilities"">здібності</LSTag> на ваш вибір."	"Ваші атаки додатково завдають цілі [1] шкоди та накладають на неї <LSTag Tooltip=""Disadvantage"">заваду</LSTag> для перевірок вибраної вами <LSTag Tooltip=""Abilities"">характеристики</LSTag>."	2
h996f221agacbcg6efeg993agc53fc989fb21	"Make your attacks deal an additional [1] damage to the target and give it <LSTag Tooltip=""Disadvantage"">Disadvantage</LSTag> on an <LSTag Tooltip=""Abilities"">Ability</LSTag> of your choosing."	"Ціль зазнаватиме додаткові [1] шкоди щоразу, як ви її атакуєте. Також вона матиме <LSTag Tooltip=""Disadvantage"">заваду</LSTag> для <LSTag Tooltip=""Abilities"">здібності</LSTag> на ваш вибір."	"Ваші атаки додатково завдають цілі [1] шкоди та накладають на неї <LSTag Tooltip=""Disadvantage"">заваду</LSTag> для перевірок вибраної вами <LSTag Tooltip=""Abilities"">характеристики</LSTag>."	2
h986ef392g7cedg2e71g03a9gf9c1687d9521	"Make your attacks deal an additional [1] damage to the target and give it <LSTag Tooltip=""Disadvantage"">Disadvantage</LSTag> on an <LSTag Tooltip=""Abilities"">Ability</LSTag> of your choosing."	"Ціль зазнаватиме додаткові [1] шкоди щоразу, як ви її атакуєте. Також вона матиме <LSTag Tooltip=""Disadvantage"">заваду</LSTag> для <LSTag Tooltip=""Abilities"">здібності</LSTag> на ваш вибір."	"Ваші атаки додатково завдають цілі [1] шкоди та накладають на неї <LSTag Tooltip=""Disadvantage"">заваду</LSTag> для перевірок вибраної вами <LSTag Tooltip=""Abilities"">характеристики</LSTag>."	2
ha5a58153g6cc6g4715g75c2ge276ca741c83	"The Cursed creature takes additional damage whenever you attack it and has <LSTag Tooltip=""Disadvantage"">Disadvantage</LSTag> on <LSTag Tooltip=""AbilityCheck"">Ability Checks</LSTag> with an <LSTag Tooltip=""Ability"">Ability</LSTag> of your choosing."	"Проклята істота зазнає додаткову шкоду від ваших атак, а також має <LSTag Tooltip=""Disadvantage"">заваду</LSTag> для <LSTag Tooltip=""AbilityCheck"">перевірок</LSTag> <LSTag Tooltip=""Ability"">здібності</LSTag> на ваш вибір."	"Проклята істота зазнає додаткової шкоди від ваших атак і має <LSTag Tooltip=""Disadvantage"">заваду</LSTag> для <LSTag Tooltip=""AbilityCheck"">перевірок</LSTag> вибраної вами <LSTag Tooltip=""Ability"">характеристики</LSTag>."	1
hfda85d46g3626g88f8gecffg03e1abc1eb12	"The Cursed creature takes additional damage whenever you attack it and has <LSTag Tooltip=""Disadvantage"">Disadvantage</LSTag> on <LSTag Tooltip=""AbilityCheck"">Ability Checks</LSTag> with an <LSTag Tooltip=""Ability"">Ability</LSTag> of your choosing."	"Проклята істота зазнає додаткову шкоду від ваших атак, а також має <LSTag Tooltip=""Disadvantage"">заваду</LSTag> для <LSTag Tooltip=""AbilityCheck"">перевірок</LSTag> <LSTag Tooltip=""Ability"">здібності</LSTag> на ваш вибір."	"Проклята істота зазнає додаткової шкоди від ваших атак і має <LSTag Tooltip=""Disadvantage"">заваду</LSTag> для <LSTag Tooltip=""AbilityCheck"">перевірок</LSTag> вибраної вами <LSTag Tooltip=""Ability"">характеристики</LSTag>."	1
hfd42c4cdg4002g1993ge98ag453cbbdf7684	"Make your attacks deal an additional [1] damage to the target and give it <LSTag Tooltip=""Disadvantage"">Disadvantage</LSTag> on an <LSTag Tooltip=""Abilities"">Ability</LSTag> of your choosing."	"Ціль зазнаватиме додаткові [1] шкоди щоразу, як ви її атакуєте. Також вона матиме <LSTag Tooltip=""Disadvantage"">заваду</LSTag> для <LSTag Tooltip=""Abilities"">здібності</LSTag> на ваш вибір."	"Ваші атаки додатково завдають цілі [1] шкоди та накладають на неї <LSTag Tooltip=""Disadvantage"">заваду</LSTag> для перевірок вибраної вами <LSTag Tooltip=""Abilities"">характеристики</LSTag>."	2
h4eb29c67ga49agd6e4g8d5ag46d694f80e9e	"Make your attacks deal an additional [1] damage to the target and give it <LSTag Tooltip=""Disadvantage"">Disadvantage</LSTag> on an <LSTag Tooltip=""Abilities"">Ability</LSTag> of your choosing."	"Ціль зазнаватиме додаткові [1] шкоди щоразу, як ви її атакуєте. Також вона матиме <LSTag Tooltip=""Disadvantage"">заваду</LSTag> для <LSTag Tooltip=""Abilities"">здібності</LSTag> на ваш вибір."	"Ваші атаки додатково завдають цілі [1] шкоди та накладають на неї <LSTag Tooltip=""Disadvantage"">заваду</LSTag> для перевірок вибраної вами <LSTag Tooltip=""Abilities"">характеристики</LSTag>."	2
h65f3ea14g5c79g6cdag91a8g8747542a090c	"Make your attacks deal an additional [1] damage to the target and give it <LSTag Tooltip=""Disadvantage"">Disadvantage</LSTag> on an <LSTag Tooltip=""Abilities"">Ability</LSTag> of your choosing."	"Ціль зазнаватиме додаткові [1] шкоди щоразу, як ви її атакуєте. Також вона матиме <LSTag Tooltip=""Disadvantage"">заваду</LSTag> для <LSTag Tooltip=""Abilities"">здібності</LSTag> на ваш вибір."	"Ваші атаки додатково завдають цілі [1] шкоди та накладають на неї <LSTag Tooltip=""Disadvantage"">заваду</LSTag> для перевірок вибраної вами <LSTag Tooltip=""Abilities"">характеристики</LSTag>."	2
h33a83d2bg7e97g9bebg4b1ag640c88459c92	"Deal additional Acid damage equal to your <LSTag Tooltip=""ProficiencyBonus"">Proficiency Bonus</LSTag>. On a hit, create a pool of acid around the target which reduces <LSTag Tooltip=""ArmourClass"">Armour Class</LSTag> by [1]."	"Завдати додаткової кислотної шкоди, що дорівнює <LSTag Tooltip=""ProficiencyBonus"">бонусу спеціалізації</LSTag>. При влучанні навколо цілі виникає калюжа кислоти, яка зменшує <LSTag Tooltip=""ArmourClass"">рівень захисту</LSTag> на [1]. "	"Завдайте додаткової шкоди кислотою в кількості, що дорівнює вашому <LSTag Tooltip=""ProficiencyBonus"">бонусу спеціалізації</LSTag>. У разі влучання довкола цілі утворюється калюжа кислоти, яка зменшує <LSTag Tooltip=""ArmourClass"">РЗ</LSTag> на [1]."	1
h32bb18a8g2611g9ff6g64eag1c6efae586a9	Maddala's blindness was cured by another True Soul passing through her village - so they could watch it being burnt to the ground around them. Such was the price of refusing the Absolute. 	Сліпу Маддалу зцілила інша суща душа, яка проходила через її село, щоб та змогла побачити, як усе довкола спалюють ущент. Такою була ціна незгоди скоритись Абсолют.	Сліпу Маддалу зцілила інша суща душа, яка проходила через її село, щоб та змогла побачити, як усе довкола спалюють ущент. Такою була ціна відмови скоритися Абсолюту.	1
h109e64a1gcfdeg5849g6011g2589d481fc32	Aura of Conquest	Аура завоювань	Аура завоювання	1
h866d88e1g1047ge1d0gd19agda4ac87262ec	Aura of Conquest	Аура завоювань	Аура завоювання	1
h317ce04ag4c31g046cgc0e5gc22245456709	Aura of Conquest	Аура завоювань	Аура завоювання	1
