contentuid	source_words	target_words	word_ratio	source_paragraphs	target_paragraphs	english	polish
h4d24d172g9754g69f8g404agfcebc39ded6a	54	31	0.574	1	1	At 3rd level, you gain the Winter Walker Spells feature. The magic of your path ensures you always have certain spells prepared; when you reach specific Ranger levels, you automatically have the associated spells prepared. At 3rd level, you have Ice Knife prepared, at 5th level you gain Hold Person, and at 9th level you gain Remove Curse.	Na 3. poziomie zyskujesz zdolność Czary zimowego wędrowca. Magia twojej ścieżki sprawia, że zawsze masz przygotowane określone czary. Na 3. poziomie zyskujesz Lodowy nóż, na 5. poziomie — Unieruchomienie osoby, a na 9. poziomie — Zdjęcie klątwy.
ha5ec425bg430dg6de7ge56ag7b5f719afc8e	62	38	0.613	2	2	Feat: Healer\n\nYou spent your early years secluded in a hut or monastery located well beyond the outskirts of the nearest settlement. In those days, your only companions were the creatures of the forest and those who would occasionally visit to bring news of the outside world and supplies. The solitude allowed you to spend many hours pondering the mysteries of creation.	Atut: Uzdrowiciel\n\nWczesne lata upływają ci w odosobnionej chatce albo klasztorze, daleko poza obrzeżami najbliższej osady. Towarzyszą ci głównie leśne istoty oraz nieliczni goście przynoszący zapasy i wieści ze świata. Samotność daje wiele czasu na rozważanie tajemnic stworzenia.
hae57f052gfdcbgdab2g3137g2a46d1f2494b	56	35	0.625	1	1	You can use a bonus action on your turn to make your ranged attacks with a kensei weapon more deadly. When you do so, any target you hit with a ranged attack using a kensei weapon takes an extra 1d4 damage of the weapon’s type. You retain this benefit until the end of the current turn.	W ramach akcji dodatkowej możesz zwiększyć w tej turze zabójczość swoich ataków dystansowych bronią kensei. Każdy cel trafiony takim atakiem otrzymuje dodatkowe 1k4 obrażeń tego samego typu co broń. Korzyść utrzymuje się do końca bieżącej tury.
h05735036ge53dgb166gd088g232b4ce9dad9	56	35	0.625	1	1	You can use a bonus action on your turn to make your ranged attacks with a kensei weapon more deadly. When you do so, any target you hit with a ranged attack using a kensei weapon takes an extra 1d4 damage of the weapon’s type. You retain this benefit until the end of the current turn.	W ramach akcji dodatkowej możesz zwiększyć w tej turze zabójczość swoich ataków dystansowych bronią kensei. Każdy cel trafiony takim atakiem otrzymuje dodatkowe 1k4 obrażeń tego samego typu co broń. Korzyść utrzymuje się do końca bieżącej tury.
h37c2f505g74b4gdbc0gdcaagf075f1ac1bdb	56	35	0.625	1	1	You can use a bonus action on your turn to make your ranged attacks with a kensei weapon more deadly. When you do so, any target you hit with a ranged attack using a kensei weapon takes an extra 1d4 damage of the weapon’s type. You retain this benefit until the end of the current turn.	W ramach akcji dodatkowej możesz zwiększyć w tej turze zabójczość swoich ataków dystansowych bronią kensei. Każdy cel trafiony takim atakiem otrzymuje dodatkowe 1k4 obrażeń tego samego typu co broń. Korzyść utrzymuje się do końca bieżącej tury.
h97dd1bbcg1ca7g6953g67d7g155182b6526b	63	40	0.635	1	1	You can nimbly dodge out of the way of certain dangers. When you’re subjected to an effect that allows you to make a Dexterity saving throw to take only half damage, you instead take no damage if you succeed on the saving throw and only half damage if you fail. You can’t use this feature if you have the Incapacitated condition.	Potrafisz zręcznie unikać niektórych niebezpieczeństw. Gdy podlegasz efektowi, który pozwala wykonać rzut obronny na Zręczność, aby otrzymać tylko połowę obrażeń, przy powodzeniu nie otrzymujesz żadnych obrażeń, a przy niepowodzeniu — tylko połowę. Nie możesz użyć tej zdolności, jeśli masz stan Obezwładnienia.
hac6a3cd4g227dg6382g6388g92a7edb553be	87	56	0.644	1	1	You psychically lash out at one creature you can see within range. The target must make an Intelligence saving throw. On a failed save, the target takes psychic damage, and it can’t take a reaction until the end of its next turn. Moreover, on its next turn, it must choose whether it gets an action, or a bonus action; it gets only one of the two. On a successful save, the target takes half as much damage and suffers none of the spell’s other effects.	Uderzasz mocą umysłu w jedną widoczną istotę w zasięgu. Cel wykonuje rzut obronny na Inteligencję. Przy niepowodzeniu otrzymuje obrażenia psychiczne i nie może używać reakcji do końca swojej następnej tury. Ponadto w swojej następnej turze może wykonać akcję albo akcję dodatkową, ale nie obie. Przy powodzeniu otrzymuje połowę obrażeń i nie podlega żadnym innym efektom czaru.
h99dd2a82gb360g8747g2eafg30d4b056f72d	45	29	0.644	1	1	You always have the Spike Growth spell prepared. You can cast it once without expending a spell slot, and you regain the ability to do so when you finish a Short Rest. When you cast the spell in this way, it doesn’t require Concentration.	Zawsze masz przygotowany czar Wzrost kolców. Możesz rzucić go raz bez zużywania komórki czaru, a możliwość tę odzyskujesz po krótkim odpoczynku. Czar rzucony w ten sposób nie wymaga koncentracji.
hd23656cfg57f8g9378gb515g69eaf09ae893	45	29	0.644	1	1	You always have the Spike Growth spell prepared. You can cast it once without expending a spell slot, and you regain the ability to do so when you finish a Short Rest. When you cast the spell in this way, it doesn’t require Concentration.	Zawsze masz przygotowany czar Wzrost kolców. Możesz rzucić go raz bez zużywania komórki czaru, a możliwość tę odzyskujesz po krótkim odpoczynku. Czar rzucony w ten sposób nie wymaga koncentracji.
h5d57e46bg1ebeg7a15g45a1g5dee2e76459e	48	31	0.646	1	1	The ward is represented by a number of d8s equal to the number of Sorcery Points spent to create it. When the warded creature takes damage, it can expend a number of those dice, roll them, and reduce the damage taken by the total rolled on those dice.	Osłonę reprezentuje tyle k8, ile punktów zaklinania wydano na jej utworzenie. Gdy osłonięta istota otrzymuje obrażenia, może zużyć dowolną liczbę tych kości i nimi rzucić, aby zmniejszyć obrażenia o sumę wyników.
h3e1aea80g4740gaa01gfe95g3cd0d19d1bdd	48	31	0.646	1	1	The ward is represented by a number of d8s equal to the number of Sorcery Points spent to create it. When the warded creature takes damage, it can expend a number of those dice, roll them, and reduce the damage taken by the total rolled on those dice.	Osłonę reprezentuje tyle k8, ile punktów zaklinania wydano na jej utworzenie. Gdy osłonięta istota otrzymuje obrażenia, może zużyć dowolną liczbę tych kości i nimi rzucić, aby zmniejszyć obrażenia o sumę wyników.
h2ee98c20g6713gb372g573dgca45f15d691f	48	31	0.646	1	1	The ward is represented by a number of d8s equal to the number of Sorcery Points spent to create it. When the warded creature takes damage, it can expend a number of those dice, roll them, and reduce the damage taken by the total rolled on those dice.	Osłonę reprezentuje tyle k8, ile punktów zaklinania wydano na jej utworzenie. Gdy osłonięta istota otrzymuje obrażenia, może zużyć dowolną liczbę tych kości i nimi rzucić, aby zmniejszyć obrażenia o sumę wyników.
hbbfab3begf9cdg6052g4ac5g7eaf747c1f9a	48	31	0.646	1	1	The ward is represented by a number of d8s equal to the number of Sorcery Points spent to create it. When the warded creature takes damage, it can expend a number of those dice, roll them, and reduce the damage taken by the total rolled on those dice.	Osłonę reprezentuje tyle k8, ile punktów zaklinania wydano na jej utworzenie. Gdy osłonięta istota otrzymuje obrażenia, może zużyć dowolną liczbę tych kości i nimi rzucić, aby zmniejszyć obrażenia o sumę wyników.
h063372f4g1033g08f6g55abgb32a96fe2615	48	31	0.646	1	1	The ward is represented by a number of d8s equal to the number of Sorcery Points spent to create it. When the warded creature takes damage, it can expend a number of those dice, roll them, and reduce the damage taken by the total rolled on those dice.	Osłonę reprezentuje tyle k8, ile punktów zaklinania wydano na jej utworzenie. Gdy osłonięta istota otrzymuje obrażenia, może zużyć dowolną liczbę tych kości i nimi rzucić, aby zmniejszyć obrażenia o sumę wyników.
h1ad514dega841gc35dg8804ga474e60b45ea	71	46	0.648	2	2	"When you hit a target with an attack roll using a magic weapon, or when your <LSTag Type=""Spell"" Tooltip=""Target_SteelDefender"">Steel Defender</LSTag> hits a target, you can channel magical energy through the strike to unleash Destructive Energy. The target takes an extra 2d6 force damage.\n\nAlternatively, you can unleash Restorative Energy by choosing one creature or object you can see within 30 feet of you. Healing energy flows into the chosen recipient, restoring 2d6 hit points to it."	"Gdy trafisz cel magiczną bronią albo gdy twój <LSTag Type=""Spell"" Tooltip=""Target_SteelDefender"">Stalowy obrońca</LSTag> trafi cel, możesz poprzez uderzenie wyzwolić niszczycielską energię. Cel otrzymuje dodatkowe 2k6 obrażeń od mocy.\n\nZamiast tego możesz wyzwolić energię odnawiającą, wybierając widoczną istotę lub przedmiot w promieniu 9 m. Energia uzdrawia wybrany cel, przywracając mu 2k6 punktów wytrzymałości."
h7d405f4ag1770gee29gfd7egc0479b1be286	138	90	0.652	3	3	Feat: Grave Keeper\n\nIn a place closer to the lands of the dead than the living, those who tend the eternal rest and disposition of the deceased are held in a mixture of high esteem and apprehension. You have plied the trade of the gravedigger, the mortician, and the embalmer. There are times when you have been the only one to say a kind word in honor of those who passed. The depredations of the Undead are well-known to you, and you don’t suffer their meddling in the rest of your charges.\n\nGrave Keeper. You gain one use of the Channel Divinity feature from the Cleric class, and you can create the Turn Undead effect with it. If you already have Channel Divinity, you add this use to the feature from one class of your choice.	Atut: Strażnik grobu\n\nW miejscu położonym bliżej krainy umarłych niż żywych, osoby dbające o wieczny spoczynek zmarłych budzą zarówno głęboki szacunek, jak i niepokój. Znasz fach grabarza, przedsiębiorcy pogrzebowego i balsamisty. Niekiedy tylko ty znajdujesz życzliwe słowo, aby uczcić pamięć zmarłych. Dobrze znasz spustoszenie czynione przez nieumarłych i nie pozwalasz im zakłócać spoczynku powierzonych ci ciał.\n\nStrażnik grobu. Zyskujesz jedno użycie zdolności Akt wiary klasy kleryka i możesz za jego pomocą wywołać efekt Odpędzanie nieumarłych. Jeśli masz już Akt wiary, dodajesz to użycie do tej zdolności z jednej wybranej klasy.
hcd8000b2gdb8aga27dg0c5agb3cd6b125346	66	43	0.652	2	2	You always have the Hunter’s Mark spell prepared. You can cast it twice without expending a spell slot, and you regain all expended uses of this ability when you finish a Long Rest.\n\nThe number of times you can cast the spell without a spell slot increases when you reach certain Ranger levels, as shown in the Favored Enemy column of the Ranger Features table.	Zawsze masz przygotowany czar Znak łowcy. Możesz rzucić go dwukrotnie bez zużywania komórki czaru, a wszystkie użycia odzyskujesz po ukończeniu długiego odpoczynku.\n\nLiczba rzuceń czaru bez zużywania komórki zwiększa się na określonych poziomach łowcy, zgodnie z kolumną Ulubiony wróg w tabeli cech łowcy.
h306c6ef1gb334gc9d9g3199g2f6fed258ca6	66	43	0.652	2	2	You always have the Hunter’s Mark spell prepared. You can cast it twice without expending a spell slot, and you regain all expended uses of this ability when you finish a Long Rest.\n\nThe number of times you can cast the spell without a spell slot increases when you reach certain Ranger levels, as shown in the Favored Enemy column of the Ranger Features table.	Zawsze masz przygotowany czar Znak łowcy. Możesz rzucić go dwukrotnie bez zużywania komórki czaru, a wszystkie użycia odzyskujesz po ukończeniu długiego odpoczynku.\n\nLiczba rzuceń czaru bez zużywania komórki zwiększa się na określonych poziomach łowcy, zgodnie z kolumną Ulubiony wróg w tabeli cech łowcy.
h928f5df7ga251g34dbg0162g20a1a67d1a84	64	42	0.656	1	1	You have absorbed primeval magic that gives you an echo of the might of giants. When you take this feat, choose one of the benefits listed below. Once per turn, when you hit a target with a melee weapon attack or a ranged weapon attack using a thrown weapon, you can imbue the attack with an additional effect depending on the benefit you chose:	Noszona w tobie pierwotna magia niesie echo potęgi olbrzymów. Wybierając ten atut, wybierz jedną z poniższych korzyści. Raz na turę, gdy trafiasz cel atakiem bronią do walki wręcz albo atakiem dystansowym bronią miotaną, możesz nasycić atak dodatkowym efektem zależnym od wybranej korzyści:
hee7efdd5g7678gd390g9d02gfa6d6bde145c	70	46	0.657	1	1	You brandish the weapon used in the spell’s casting and make a melee attack with it against one creature within 5 feet of you. On a hit, the target suffers the weapon attack’s normal effects and then radiates a dark aura of energy until the start of your next turn. If the target makes an attack or casts a spell before then, the target takes [1] and the spell ends.	Unosisz broń używaną do rzucenia czaru i wykonujesz nią atak wręcz przeciwko jednej istocie w promieniu 1,5 m. Po trafieniu cel odczuwa zwykłe skutki ataku bronią i emanuje mroczną energią do początku twojej następnej tury. Jeśli wcześniej wykona atak albo rzuci czar, otrzymuje [1], a czar się kończy.
h0089c30fg8c4dg346dg41fag7df171fac04f	187	123	0.658	4	4	Feat: Strike of the Giants\n\nThough you aren’t a Giant, you grew up among giants. Maybe you were an orphan taken in by a sympathetic family of stone giants who raised you as one of their own. Or perhaps you lived in a lost prehistoric pocket of the world, surrounded by giants and fearsome behemoths or hulking dinosaurs.\n\nSomething about your environment—perhaps the food or water that sustained you, elemental magic inherent in the site of your home, or some verdant blessing of growth placed on you—caused you to grow to a remarkable size for your kind. With the aid of this magic, you have learned how to embody the might of giants. You are used to moving through a world much bigger than you, and that is reflected in your skills, attitude, and perspective on life.\n\nStrike of the Giants: Once per turn, when you hit a target with a melee weapon attack or a ranged weapon attack using a thrown weapon, you can imbue the attack with an additional effect depending on the benefit you chose: Cloud, Fire, Frost, Hill, Stone, Storm.	Atut: Uderzenie olbrzymów\n\nNie należysz do olbrzymów, lecz dorastasz pośród nich. Być może jako sierotę przygarnia cię życzliwa rodzina kamiennych olbrzymów i wychowuje jak własne dziecko. Możliwe też, że żyjesz w odciętej od świata prehistorycznej krainie pełnej olbrzymów, przerażających kolosów i potężnych dinozaurów.\n\nCoś w twoim otoczeniu — pożywienie, woda, magia żywiołów przenikająca dom albo bujne błogosławieństwo wzrostu — sprawia, że osiągasz niezwykłe rozmiary jak na przedstawiciela swojego gatunku. Ta magia uczy cię ucieleśniać potęgę olbrzymów. Życie w świecie znacznie większym od ciebie kształtuje twoje umiejętności, nastawienie i spojrzenie na życie.\n\nUderzenie olbrzymów. Raz na turę, gdy trafiasz cel atakiem bronią do walki wręcz albo atakiem dystansowym bronią miotaną, możesz nasycić atak dodatkowym efektem zależnym od wybranej korzyści: chmur, ognia, mrozu, wzgórz, kamienia albo burzy.
h08797ed7gc753g8f41gd903g4ec54ed567d1	108	72	0.667	3	3	You channel energy from the Astral Sea to unleash a torrent of magic from yourself. Choose Cold or Radiant for the type of energy channeled. Each creature in a 30-foot Cone originating from you makes a Dexterity saving throw. On a failed save, the target takes damage of the chosen type and suffers an additional effect determined by the damage type:\n\nCold Damage. The target has Disadvantage on the next D20 Test it makes before the end of your next turn.\nRadiant Damage. The target has the Blinded condition until the end of your next turn.\n\nOn a successful save, the target takes half as much damage only.	Kierujesz energię Morza Astralnego, uwalniając z siebie potok magii. Wybierz zimno albo światłość jako typ przekazywanej energii. Każda istota w stożku o długości 9 m wykonuje rzut obronny na Zręczność. Przy niepowodzeniu otrzymuje obrażenia wybranego typu oraz dodatkowy efekt zależny od tego typu:\n\nZimno. Cel ma utrudnienie w następnym teście k20 wykonanym przed końcem twojej następnej tury.\nŚwiatłość. Cel zostaje Oślepiony do końca twojej następnej tury.\n\nPrzy powodzeniu cel otrzymuje tylko połowę obrażeń.
h1de6d67bgeb49gcb85gfb65g06babeedf8df	72	48	0.667	2	2	Feat: Lucky\n\nYou were apprenticed to a trader, caravan master, or shopkeeper, learning the fundamentals of commerce. You traveled broadly, and you earned a living by buying and selling the raw materials artisans need to practice their craft or finished works from such crafters. You might have transported goods from one place to another (by ship, wagon, or caravan) or bought them from traveling traders and sold them in your own shop.	Atut: Szczęściarz\n\nNauka u handlarza, mistrza karawany albo sklepikarza pozwala ci poznać podstawy handlu. Podróżujesz szeroko i zarabiasz na kupnie oraz sprzedaży surowców potrzebnych rzemieślnikom lub gotowych wyrobów. Być może przewozisz towary statkiem, wozem albo karawaną, a może kupujesz je od wędrownych kupców i sprzedajesz we własnym sklepie.
h1e8b4682gc0aag5810g20f4gffc2487083b4	63	42	0.667	1	1	Paladins sworn to the Oath of the Noble Genies revere the forces of the Elemental Planes. Through taking this oath, Paladins draw power from the four different types of genies—dao, masters of earth; djinn, masters of air; efreet, masters of fire; and marids, masters of water. In Faerûn, many Paladins who swear this oath hail from Calimshan, a land teeming with genies.	Paladyni związani Przysięgą Szlachetnych Dżinów oddają cześć siłom Sfer Żywiołów. Czerpią moc z czterech rodzajów dżinów: dao, władców ziemi; dżinów, władców powietrza; ifrytów, władców ognia; oraz maridów, władców wody. W Faerûnie wielu paladynów składających tę przysięgę pochodzi z Calimshanu, krainy pełnej dżinów.
h99061a90g09cagcb07g6afegd32298d72981	57	38	0.667	1	1	When you reach certain Artificer levels, you thereafter always have specific spells prepared, as shown in the Alchemist Spells table. At 3rd level, you always have Healing Word and Ray of Sickness prepared. At 5th level, you always have Flaming Sphere and Melf’s Acid Arrow prepared. At 9th level, you always have Gaseous Form and Mass Healing Word prepared.	Po osiągnięciu określonych poziomów Wynalazcy zawsze masz przygotowane czary wskazane w tabeli Czarów Alchemika: na 3. poziomie — Kojące słowo i Promień zatrucia; na 5. poziomie — Płomienna kula i Kwasowa strzała Melfa; a na 9. poziomie — Forma gazowa i Masowe kojące słowo.
h0fbee9aag6abeg6294g3fd8gbeb26ffd19f6	51	34	0.667	1	1	If your attack roll with this weapon misses a creature, you can deal damage to that creature equal to the ability modifier you used to make the attack roll. This damage is the same type dealt by the weapon, and the damage can be increased only by increasing the ability modifier.	Gdy chybisz istotę atakiem tą bronią, możesz zadać jej obrażenia równe modyfikatorowi cechy użytemu w teście ataku. Obrażenia są tego samego typu co obrażenia broni i można je zwiększyć wyłącznie przez zwiększenie tego modyfikatora.
hdfb7e043ga3ecgc3afg13c5g96138794e52b	98	66	0.673	2	2	"You learn how to use the universal language of dance. As a Bonus Action, you can expend one use of your <LSTag Type=""ActionResource"" Tooltip=""BardicInspiration"">Bardic Inspiration</LSTag> to dance and reinvigorate another creature of your choice who can see you.\n\nWhen you do, roll your Bardic Inspiration die; that creature gains a number of Temporary Hit Points equal to the number rolled plus your Charisma modifier (minimum of 2 Temporary Hit Points). When a creature gains Temporary Hit Points in this way, it can immediately take a Reaction to move up to its Speed without provoking Opportunity Attacks or take the Dodge action."	"Poznajesz uniwersalny język tańca. W ramach akcji dodatkowej możesz zużyć jedno użycie <LSTag Type=""ActionResource"" Tooltip=""BardicInspiration"">bardowskiej inspiracji</LSTag>, aby zatańczyć i pokrzepić inną wybraną istotę, która cię widzi.\n\nRzuć kością bardowskiej inspiracji. Istota zyskuje tymczasowe punkty wytrzymałości w liczbie równej sumie wyniku rzutu i twojego modyfikatora Charyzmy (co najmniej 2). Następnie może natychmiast w ramach reakcji przemieścić się na odległość do swojej szybkości bez prowokowania ataków okazyjnych albo wykonać akcję Uniku."
hf0903b4fgdab0g610fgf651g1cf01ed26e14	55	37	0.673	1	1	When you attack a creature and hit it with a weapon, you can deal an extra 2d6 Psychic damage. You can use this benefit only once per turn, you can use it a number of times equal to your Wisdom modifier (minimum of once), and you regain all expended uses when you finish a Long Rest.	Gdy trafisz istotę atakiem bronią, możesz zadać jej dodatkowe 2k6 obrażeń psychicznych. Z tej korzyści możesz skorzystać tylko raz na turę i tyle razy, ile wynosi twój modyfikator Mądrości (co najmniej raz). Odzyskujesz wszystkie użycia po długim odpoczynku.
hc2eacb6dgfdd7gb76ag186cgecc6d2ed93b5	52	35	0.673	1	1	You teleport to an unoccupied space you can see within 30 feet of yourself and take on a semi-incorporeal form, which lasts until the end of your next turn. While in this form, you have Resistance to Bludgeoning, Piercing, and Slashing damage, and you have Immunity to the Prone, and Restrained conditions.	Teleportujesz się do widocznego, niezajętego miejsca w promieniu 9 m i do końca swojej następnej tury przybierasz półmaterialną postać. W tej postaci masz odporność na obrażenia obuchowe, kłute i cięte oraz niewrażliwość na Powalenie i Unieruchomienie.
h08615922g6a70gfeabg9ddeg3e421bcce131	52	35	0.673	1	1	You teleport to an unoccupied space you can see within 30 feet of yourself and take on a semi-incorporeal form, which lasts until the end of your next turn. While in this form, you have Resistance to Bludgeoning, Piercing, and Slashing damage, and you have Immunity to the Prone, and Restrained conditions.	Teleportujesz się do widocznego, niezajętego miejsca w promieniu 9 m i do końca swojej następnej tury przybierasz półmaterialną postać. W tej postaci masz odporność na obrażenia obuchowe, kłute i cięte oraz niewrażliwość na Powalenie i Unieruchomienie.
h2882b8f2g2c4dg9432gc6b0gd97aa3d6ec17	52	35	0.673	1	1	You teleport to an unoccupied space you can see within 30 feet of yourself and take on a semi-incorporeal form, which lasts until the end of your next turn. While in this form, you have Resistance to Bludgeoning, Piercing, and Slashing damage, and you have Immunity to the Prone, and Restrained conditions.	Teleportujesz się do widocznego, niezajętego miejsca w promieniu 9 m i do końca swojej następnej tury przybierasz półmaterialną postać. W tej postaci masz odporność na obrażenia obuchowe, kłute i cięte oraz niewrażliwość na Powalenie i Unieruchomienie.
h6bf206d3ga5dag2afag19eegf2c35e7a534e	46	31	0.674	1	1	You always have Hunter’s Mark prepared. You can cast it without expending a spell slot a number of times equal to the value shown in the Favored Enemy column of the Ranger Features table. You regain all expended uses when you finish a Long Rest.	Zawsze masz przygotowany Znak łowcy. Możesz rzucić go bez zużywania komórki czaru tyle razy, ile wskazuje wartość w kolumnie Ulubiony wróg w tabeli cech łowcy. Wszystkie użycia odzyskujesz po długim odpoczynku.
h196d3642g2b8eg0c5ag525dg06fde33550c2	80	54	0.675	2	2	Feat: Skilled\n\nYou spent formative years in a scriptorium, a monastery dedicated to the preservation of knowledge, or a government agency, where you learned to write with a clear hand and produce finely written texts. Perhaps you scribed government documents or copied tomes of literature. You might have some skill as a writer of poetry, narrative, or scholarly research. Above all, you have a careful attention to detail, helping you avoid introducing mistakes to the documents you copy and create.	Atut: Uzdolniony\n\nLata kształcenia w skryptorium, klasztorze strzegącym wiedzy albo urzędzie uczą cię wyraźnego pisma i starannego tworzenia tekstów. Być może sporządzasz dokumenty państwowe lub przepisujesz dzieła literackie. Możesz też mieć talent do poezji, prozy albo pracy naukowej. Przede wszystkim cechuje cię dbałość o szczegóły, dzięki której unikasz błędów w przepisywanych i tworzonych dokumentach.
h81c2cbd1ge2a2g4781g89a2gf1b79723f601	56	38	0.679	1	1	"Once per turn when you restore Hit Points to a creature with a spell, you can expend a <LSTag Type=""ActionResource"" Tooltip=""BardicInspiration"">Bardic Inspiration</LSTag> die and increase the amount of Hit Points restored by a number equal to a roll of the Bardic Inspiration die. The creature’s Speed also increases by 10 feet until the end of its next turn."	"Raz na turę, gdy za pomocą czaru przywracasz istocie punkty wytrzymałości, możesz wydać kość <LSTag Type=""ActionResource"" Tooltip=""BardicInspiration"">bardowskiej inspiracji</LSTag> i zwiększyć liczbę przywróconych punktów o wynik rzutu tą kością. Szybkość istoty zwiększa się również o 3 m do końca jej następnej tury."
h95ef44fegf44dg26b7g490bg4d2254baeba6	53	36	0.679	2	1	When you’re subjected to an effect that allows you to make a Dexterity saving throw to take only half damage, you instead take no damage if you succeed on the saving throw and only half damage if you fail.\n\nYou don’t benefit from this feature if you have the Incapacitated condition.	Gdy podlegasz efektowi, który pozwala ci wykonać rzut obronny na Zręczność, aby otrzymać tylko połowę obrażeń, przy powodzeniu nie otrzymujesz żadnych obrażeń, a przy niepowodzeniu — tylko połowę. Nie korzystasz z tej zdolności, jeśli masz stan Obezwładnienia.
h80302dc6gefa4ga829g206ag2011c0e0baca	72	49	0.681	1	1	When you hit a creature with an attack using a weapon, you can invoke the rune to summon fiery shackles: the target takes an extra 2d6 fire damage, and it be restrained for 1 minute. While restrained by the shackles, the target takes 2d6 fire damage at the start of each of its turns. The target can repeat the saving throw at the end of each of its turns, banishing the shackles on a success.	Gdy trafiasz istotę atakiem bronią, możesz aktywować runę i przywołać płonące kajdany. Cel otrzymuje dodatkowe 2k6 obrażeń od ognia oraz stan Unieruchomienia na 1 minutę. Dopóki jest Unieruchomiony kajdanami, na początku każdej swojej tury otrzymuje 2k6 obrażeń od ognia. Na koniec każdej swojej tury cel powtarza rzut obronny, rozpraszając kajdany przy powodzeniu.
ha9c3ab13g3fb0g8a2eg5ee1gfbd234126c3d	72	49	0.681	1	1	You conjure up a wave of water that crashes down on an area within range. The area can be up to 30 feet long, up to 10 feet wide, and up to 10 feet tall. Each creature in that area must make a Dexterity saving throw. On a failed save, a creature takes 4d8 bludgeoning damage and is knocked prone. On a successful save, a creature takes half as much damage and isn’t knocked prone	Przywołujesz falę wody, która rozbija się na obszarze w zasięgu. Obszar może mieć do 9 m długości, 3 m szerokości i 3 m wysokości. Każda istota na tym obszarze wykonuje rzut obronny na Zręczność. Przy niepowodzeniu otrzymuje 4k8 obrażeń obuchowych i stan Powalenia. Przy powodzeniu otrzymuje połowę tych obrażeń i nie zostaje Powalona.
he5309e85gddddg797fg0081g19accd6ede60	47	32	0.681	1	1	The entropy of the Abyss, the chaos of Pandemonium, and the despair of Carceri call to tieflings who have the abyssal legacy. Horns, fur, tusks, and peculiar scents are common physical features of such tieflings, most of whom have the blood of demons coursing through their veins.	Entropia Otchłani, chaos Pandemonium i rozpacz Carceri przyciągają diabelstwa posiadające otchłanne dziedzictwo. Rogi, futro, kły oraz charakterystyczne zapachy to częste cechy fizyczne takich diabelstw, z których większość ma w żyłach demoniczną krew.
ha33a602cg9bb2gec42g889dg5983a5346c84	80	55	0.688	2	2	"You can imbue yourself with a primal power called <LSTag Type=""Status"" Tooltip=""RAGE"">Rage</LSTag>, a force that grants you extraordinary might and resilience. You can enter it as a Bonus Action if you aren’t wearing Heavy armor.\n\nYou can enter your Rage the number of times shown for your Barbarian level in the Rages column of the Barbarian Features table. You regain one expended use when you finish a Short Rest, and you regain all expended uses when you finish a Long Rest."	"Możesz nasycić się pierwotną mocą zwaną <LSTag Type=""Status"" Tooltip=""RAGE"">szałem</LSTag>, która zapewnia niezwykłą siłę i wytrzymałość. Jeśli nie nosisz ciężkiego pancerza, możesz wpaść w szał w ramach akcji dodatkowej.\n\nMożesz wpadać w szał tyle razy, ile wskazuje kolumna Szały w tabeli cech barbarzyńcy dla twojego poziomu. Jedno zużyte użycie odzyskujesz po krótkim odpoczynku, a wszystkie po długim odpoczynku."
hcb1875bdg0b82gd5fbg0db6g263e63afba9e	48	33	0.688	1	1	When you cast a spell that has a range of at least 5 feet, you can spend 1 Sorcery Point to double the spell’s range. Or when you cast a spell that has a range of Touch, you can spend 1 Sorcery Point to make the spell’s range 30 feet.	Gdy rzucasz czar o zasięgu co najmniej 1,5 m, możesz wydać 1 punkt zaklinania, aby podwoić jego zasięg. Alternatywnie, gdy rzucasz czar o zasięgu Dotyk, możesz wydać 1 punkt zaklinania, aby zwiększyć jego zasięg do 9 m.
h215cfcadg8e38gf1d3g5cbfgf68a823d6955	103	71	0.689	2	2	Pole Strike. Immediately after you take the Attack action and attack with a Quarterstaff, a Spear, or a weapon that has the Heavy and Reach properties, you can use a Bonus Action to make a melee attack with the opposite end of the weapon. The weapon deals Bludgeoning damage, and the weapon’s damage die for this attack is a d4.\n\nReactive Strike. While you’re holding a Quarterstaff, a Spear, or a weapon that has the Heavy and Reach properties, you can take a Reaction to make one melee attack against a creature that enters the reach you have with that weapon.	Drzewcowe uderzenie. Natychmiast po wykonaniu akcji Ataku i zaatakowaniu kijem bojowym, włócznią albo bronią o właściwościach Ciężka i Dalekosiężna możesz w ramach akcji dodatkowej wykonać atak wręcz przeciwległym końcem broni. Atak zadaje obrażenia obuchowe, a jego kością obrażeń jest k4.\n\nReakcyjne uderzenie. Gdy trzymasz kij bojowy, włócznię albo broń o właściwościach Ciężka i Dalekosiężna, możesz w ramach reakcji wykonać jeden atak wręcz przeciwko istocie, która znajdzie się w zasięgu tej broni.
h3dd5e7b4g4865gbd7bged74gd82f6e53d20d	103	71	0.689	2	2	Pole Strike. Immediately after you take the Attack action and attack with a Quarterstaff, a Spear, or a weapon that has the Heavy and Reach properties, you can use a Bonus Action to make a melee attack with the opposite end of the weapon. The weapon deals Bludgeoning damage, and the weapon’s damage die for this attack is a d4.\n\nReactive Strike. While you’re holding a Quarterstaff, a Spear, or a weapon that has the Heavy and Reach properties, you can take a Reaction to make one melee attack against a creature that enters the reach you have with that weapon.	Drzewcowe uderzenie. Natychmiast po wykonaniu akcji Ataku i zaatakowaniu kijem bojowym, włócznią albo bronią o właściwościach Ciężka i Dalekosiężna możesz w ramach akcji dodatkowej wykonać atak wręcz przeciwległym końcem broni. Atak zadaje obrażenia obuchowe, a jego kością obrażeń jest k4.\n\nReakcyjne uderzenie. Gdy trzymasz kij bojowy, włócznię albo broń o właściwościach Ciężka i Dalekosiężna, możesz w ramach reakcji wykonać jeden atak wręcz przeciwko istocie, która znajdzie się w zasięgu tej broni.
h029cddf2gf1b9g86a2g45e7g18bf046b40f1	68	47	0.691	1	1	You unleash a wave of swirling shadows that fills an area next to you. Each creature in a 10-foot Cube of Darkness originating from you when you cast the spell makes a Wisdom saving throw. On a failed save, a creature takes 2d8 psychic damage and is Blinded until the start of your next turn. On a successful save, it takes half as much damage and isn’t Blinded.	Wyzwalasz falę wirujących cieni, która wypełnia przylegający do ciebie obszar. Każda istota w 3-metrowym sześcianie ciemności, którego źródłem jesteś, wykonuje rzut obronny na Mądrość. Przy niepowodzeniu otrzymuje 2k8 obrażeń psychicznych i stan Oślepienia do początku twojej następnej tury. Przy powodzeniu otrzymuje połowę tych obrażeń i nie zostaje Oślepiona.
h5bee8c93gf2c8gd340g65cfge6d42d8c4a32	68	47	0.691	1	1	You can use your Channel Oath to exude a terrifying presence. You force each creature of your choice that you can see within 30 feet of you to make a Wisdom saving throw. On a failed save, a creature becomes frightened of you for 1 minute. The frightened creature can repeat this saving throw at the end of each of its turns, ending the effect on itself on a success.	Możesz użyć Mocy przysięgi, aby emanować aurą grozy. Zmuszasz każdą wybraną przez siebie widoczną istotę w promieniu 9 m od ciebie do wykonania rzutu obronnego na Mądrość. Przy niepowodzeniu istota otrzymuje stan Przerażenia na 1 minutę. Na koniec każdej swojej tury może powtórzyć rzut obronny; powodzenie kończy ten stan.
h573bf455gce7agc4a2gb934gf7147ae4c160	68	47	0.691	1	1	You can use your Channel Oath to exude a terrifying presence. You force each creature of your choice that you can see within 30 feet of you to make a Wisdom saving throw. On a failed save, a creature becomes frightened of you for 1 minute. The frightened creature can repeat this saving throw at the end of each of its turns, ending the effect on itself on a success.	Możesz użyć Mocy przysięgi, aby emanować aurą grozy. Zmuszasz każdą wybraną przez siebie widoczną istotę w promieniu 9 m od ciebie do wykonania rzutu obronnego na Mądrość. Przy niepowodzeniu istota otrzymuje stan Przerażenia na 1 minutę. Na koniec każdej swojej tury może powtórzyć rzut obronny; powodzenie kończy ten stan.
h603f364eg76f2g4896gd3eeg723e7e1e85a7	78	54	0.692	1	1	You have absorbed primeval magic that gives you an echo of the might of giants. Once per turn, when you hit a target with a melee weapon attack or a ranged weapon attack using a thrown weapon, you can imbue the attack with an additional effect depending on the benefit you chose. You can use this feat a number of times equal to your proficiency bonus, and you regain all expended uses when you finish a long rest.	Noszona w tobie pierwotna magia niesie echo potęgi olbrzymów. Raz na turę, gdy trafiasz cel atakiem bronią do walki wręcz albo atakiem dystansowym bronią miotaną, możesz nasycić atak dodatkowym efektem zależnym od wybranej korzyści. Możesz użyć tego atutu tyle razy, ile wynosi twoja premia z biegłości, a wszystkie użycia odzyskujesz po ukończeniu długiego odpoczynku.
head50b7eg3179gbc89g1334gbee0de9d925c	72	50	0.694	2	1	"Your connection to the Unbroken Circle ensures that you always have certain spells prepared. When you reach a Druid level specified in the Unbroken Circle Spells table, you thereafter always have the listed spells prepared.\n\nAt 3rd level, you always have Ensnaring Strike, Shillelagh, Shining Smite, and True Strike prepared. At 5th level, you always have <LSTag Type=""Spell"" Tooltip=""Target_Haste"">Haste</LSTag> prepared. At 7th level, you always have Fire Shield prepared. At 9th level, you always have Flame Strike prepared.\n"	"Więź z Kręgiem Niezłomnych sprawia, że zawsze masz przygotowane określone czary. Po osiągnięciu poziomu druida wskazanego w tabeli Czarów Kręgu Niezłomnych zawsze masz przygotowane wymienione w niej czary: na 3. poziomie — Pętające uderzenie, Shillelagh, Lśniące ugodzenie i Prawdziwe uderzenie; na 5. poziomie — <LSTag Type=""Spell"" Tooltip=""Target_Haste"">Przyspieszenie</LSTag>; na 7. poziomie — Tarcza ognia; a na 9. poziomie — Słup ognia."
h848282acg476egf71fgd7feg17ed2acf814f	62	43	0.694	1	1	When you reach certain Sorcerer levels, you thereafter always have specific spells prepared. At 3rd level, you always have Cure Wounds, Guiding Bolt, Lesser Restoration, and Scorching Ray prepared. At 5th level, you also have Aura of Vitality and Counterspell prepared. At 7th level, you also have Fire Shield and Wall of Fire prepared. At 9th level, you also have Greater Restoration and Flame Strike prepared.	Po osiągnięciu określonych poziomów Zaklinacza zawsze masz przygotowane następujące czary: na 3. poziomie — Leczenie ran, Pocisk wiodący, Mniejsze przywrócenie i Wypalający promień; na 5. poziomie dodatkowo — Aura witalności i Przeciwzaklęcie; na 7. poziomie — Tarcza ognia i Ściana ognia; a na 9. poziomie — Większe przywrócenie i Słup ognia.
h0c6d3ec2g7683g7e9fg7d62g08a6874b3c5f	59	41	0.695	1	1	You can expend a use of your Channel Divinity to cast Shield of Faith or Spiritual Weapon rather than expending a spell slot. When you cast either spell in this way, the spell doesn’t require Concentration. Instead the spell lasts for 1 minute, but it ends early if you cast that spell again, have the Incapacitated condition, or die.	Możesz zużyć jedno użycie Aktu wiary, aby rzucić Tarczę Wiary albo Broń Duchową bez zużywania komórki czaru. Czar rzucony w ten sposób nie wymaga Koncentracji i trwa 1 minutę, ale kończy się wcześniej, jeśli rzucisz go ponownie, otrzymasz stan Obezwładnienia albo zginiesz.
he100fd97g8c61g7accgc8ecg6628146a240d	46	32	0.696	1	1	Your tenacity can wear down even the most resilient foes. When you hit a creature with a weapon, the weapon deals an extra 1d8 damage to the target if it’s missing any of its Hit Points. You can deal this extra damage only once per turn.	Twoja nieustępliwość potrafi wyczerpać nawet najwytrzymalszych wrogów. Gdy trafiasz istotę bronią, a cel nie ma pełnych punktów wytrzymałości, broń zadaje mu dodatkowe 1k8 obrażeń. Możesz zadać te dodatkowe obrażenia tylko raz na turę.
h9ff8c44bg3303gce13g6778gf58e24c5dda9	64	45	0.703	2	2	Your patron teaches you how to guard your mind and body. You are immune to the Charmed condition.\n\nIn addition, immediately after a creature you can see hits you with an attack roll, you can take a Reaction to reduce the damage you take by half (round down), and you can force the attacker to take Psychic damage equal to the damage you take.	Twój patron uczy cię chronić umysł i ciało. Zyskujesz niewrażliwość na Zauroczenie.\n\nPonadto natychmiast po tym, jak widoczna istota trafi cię testem ataku, możesz w ramach reakcji zmniejszyć otrzymane obrażenia o połowę (zaokrąglając w dół) i zadać napastnikowi obrażenia psychiczne równe obrażeniom, które ostatecznie otrzymasz.
h4aa07c08gb93egab88g61e1g0ced3d3207e0	71	50	0.704	1	1	When you cast any level 1+ spell from your Psionic Spells feature, you can cast it by expending a spell slot as normal or by spending a number of Sorcery Points equal to the spell’s level. If you cast the spell using Sorcery Points, it requires no Verbal or Somatic components, and it requires no Material components unless they are consumed by the spell or have a cost specified in it.	Gdy rzucasz czar co najmniej 1. poziomu uzyskany dzięki zdolności Psioniczne czary, możesz jak zwykle zużyć komórkę czaru albo wydać liczbę punktów zaklinania równą poziomowi czaru. Czar rzucony za punkty zaklinania nie wymaga komponentów werbalnych ani somatycznych. Nie wymaga też komponentów materialnych, chyba że czar je zużywa albo wskazuje ich koszt.
h2f0d755egc57dga744g72aaga03c4b3365ab	54	38	0.704	2	2	When you command your Primal Companion beast to take the Beast’s Strike action, the beast can use it twice.\n\nIn addition, the first time each turn it hits a creature under the effect of your Hunter’s Mark spell, the beast deals extra Force damage equal to the bonus damage of that spell.	Gdy rozkazujesz swojej pierwotnej bestii towarzyszącej wykonać akcję Uderzenia bestii, może ona użyć jej dwukrotnie.\n\nPonadto, gdy po raz pierwszy w danej turze trafi istotę objętą Znakiem łowcy, zadaje dodatkowe obrażenia od mocy równe dodatkowym obrażeniom tego czaru.
h5f23ece1gd28eg37b5gb2f7g57554d7c8da9	61	43	0.705	2	2	Puncture. When you hit a creature with an attack that deals Piercing damage, you can reroll one of the attack’s damage dice, and you must use the new roll.\n\nEnhanced Critical. When you score a Critical Hit that deals Piercing damage to a creature, you can roll one additional damage die when determining the extra Piercing damage the target takes.	Przebicie. Gdy trafisz istotę atakiem zadającym obrażenia kłute, możesz przerzucić jedną kość obrażeń ataku i musisz użyć nowego wyniku.\n\nWzmocnione trafienie krytyczne. Gdy uzyskasz trafienie krytyczne zadające istocie obrażenia kłute, możesz rzucić dodatkową kością obrażeń podczas określania dodatkowych obrażeń kłutych otrzymanych przez cel.
he15395feg34cbgfdbbgc738g75da56bca5d6	75	53	0.707	2	2	Feat: Savage Attacker\n\nYou trained your whole life to become a member of the Shadowmasters, the mysterious thieves’ guild that controls the realm of Thesk from behind the scenes. Stealth and quick reflexes were just the start of your Shadowmaster education; you also needed to hone your ruthlessness to ensure the safety of the guild’s secrets. But one wrong move led to your expulsion from the order. Now you must walk your own path.	Atut: Brutalny napastnik\n\nCałe życie poświęcasz przygotowaniom do wstąpienia w szeregi Mistrzów Cienia — tajemniczej gildii złodziei, która zza kulis kontroluje Thesk. Skradanie się i szybki refleks stanowią jedynie początek szkolenia; musisz również wyostrzyć swoją bezwzględność, by chronić sekrety gildii. Jeden błędny ruch prowadzi jednak do wygnania z zakonu. Teraz musisz podążać własną ścieżką.
hfd222472gd8acg6b69g6068g2840b34f0315	58	41	0.707	2	2	Hamstring. When you hit a creature with an attack that deals Slashing damage, you can reduce the Speed of that creature by 10 feet until the start of your next turn.\n\nEnhanced Critical. When you score a Critical Hit that deals Slashing damage to a creature, it has Disadvantage on attack rolls until the start of your next turn.	Podcięcie. Gdy trafisz istotę atakiem zadającym obrażenia cięte, możesz zmniejszyć jej szybkość o 3 m do początku swojej następnej tury.\n\nWzmocnione trafienie krytyczne. Gdy uzyskasz trafienie krytyczne zadające istocie obrażenia cięte, wykonuje ona z utrudnieniem testy ataku do początku twojej następnej tury.
hd2d76fb0g487cg3ab3g3908g9f58ed8e7217	65	46	0.708	2	2	When you reach certain Sorcerer levels specified in the Psionic Spells table, you always have the listed spells prepared.\n\nAt Sorcerer level 3, you have Arms of Hadar, Calm Emotions, Detect Thoughts, Dissonant Whispers, and Mind Sliver prepared. At level 5, you additionally have Hunger of Hadar prepared. At level 7, you gain Evard’s Black Tentacles. At level 9, you gain Telekinesis, all of which are always prepared.	Po osiągnięciu określonych poziomów Zaklinacza wskazanych w tabeli Czarów psionicznych zawsze masz przygotowane wymienione w niej czary.\n\nNa 3. poziomie są to Ramiona Hadara, Wyciszenie emocji, Wykrycie myśli, Fałszywe podszepty i Okruch umysłu; na 5. poziomie dodatkowo — Głód Hadara; na 7. poziomie — Czarne macki Evarda; a na 9. poziomie — Telekineza.
h4350095ege773ga624g7919g62f04bb30b95	48	34	0.708	2	2	If you make an attack roll for a spell and miss, you can spend 1 Sorcery Point to reroll the d20, and you must use the new roll.\n\nYou can use Seeking Spell even if you’ve already used a different Metamagic option during the casting of the spell.	Jeśli wykonujesz test ataku czarem i chybiasz, możesz wydać 1 punkt zaklinania, aby przerzucić k20; musisz wykorzystać nowy wynik.\n\nMożesz użyć Naprowadzanego czaru nawet wtedy, gdy podczas rzucania tego czaru wykorzystujesz już inną opcję metamagii.
h28f9a741ga446ga31eg8889g3b0e1ddcb286	48	34	0.708	2	2	If you make an attack roll for a spell and miss, you can spend 1 Sorcery Point to reroll the d20, and you must use the new roll.\n\nYou can use Seeking Spell even if you’ve already used a different Metamagic option during the casting of the spell.	Jeśli wykonujesz test ataku czarem i chybiasz, możesz wydać 1 punkt zaklinania, aby przerzucić k20; musisz wykorzystać nowy wynik.\n\nMożesz użyć Naprowadzanego czaru nawet wtedy, gdy podczas rzucania tego czaru wykorzystujesz już inną opcję metamagii.
hcbc2740fgebc3g29dbg5465ge353fe6de2d6	86	61	0.709	2	2	You harbor a wellspring of psionic energy within yourself, represented by your Psionic Energy Dice, which fuel certain powers granted by this subclass. As you gain Rogue levels, the number and size of these dice change: at 3rd level, you have four d6 dice; at 5th level, six d8 dice; at 9th level, eight d8 dice; and at 11th level, eight d10 dice.\n\nYou regain one of your expended Psionic Energy Dice when you finish a Short Rest, and you regain all of them when you finish a Long Rest.	Skrywasz w sobie źródło energii psionicznej, reprezentowane przez kości energii psionicznej, które zasilają niektóre zdolności tej podklasy. Wraz z kolejnymi poziomami Łotrzyka zmieniają się liczba i rozmiar tych kości: na 3. poziomie masz cztery k6, na 5. poziomie — sześć k8, na 9. poziomie — osiem k8, a na 11. poziomie — osiem k10.\n\nPo krótkim odpoczynku odzyskujesz jedną zużytą kość energii psionicznej, a po długim odpoczynku — wszystkie.
hae8c9a5cgf06dg6b71gb093ge2e25716f7d2	62	44	0.710	1	1	Your innate magic comes from the most nebulous and inscrutable forces of the Shadowfell or from other regions of supernatural darkness. You might trace your lineage to an entity from such a place, or perhaps you were exposed to the sinister energy of a shadow dragon and were transformed by it. Your shadowy magic allows you to command darkness, undeath, and woe.	Twoja wrodzona magia wywodzi się z najbardziej mglistych i nieprzeniknionych mocy Sfery Cieni albo z innych krain nadprzyrodzonego mroku. Być może pochodzisz od istoty z takiego miejsca albo przemienia cię złowroga energia smoka cienia. Twoja cienista magia pozwala ci władać ciemnością, nieumarłością i niedolą.
h0c4b99c4g1ad3gb7f0g11fbgb55e06b4ac67	97	69	0.711	1	1	As a bonus action on your turn, you can dismiss this spell and cause the weapon to emit a burst of radiance. Each creature of your choice that you can see within 30 feet of the weapon must make a Constitution saving throw. On a failed save, a creature takes 4d8 radiant damage, and it is blinded for 1 minute. On a successful save, a creature takes half as much damage and isn’t blinded. At the end of each of its turns, a blinded creature can make a Constitution saving throw, ending the effect on itself on a success.	W swojej turze możesz w ramach akcji dodatkowej zakończyć ten czar, sprawiając, że broń rozbłyśnie światłością. Każda wybrana przez ciebie widoczna istota w promieniu 9 m od broni musi wykonać rzut obronny na Kondycję. Przy niepowodzeniu otrzymuje 4k8 obrażeń od światłości i stan Oślepienia na 1 minutę. Przy powodzeniu otrzymuje połowę tych obrażeń i nie zostaje oślepiona. Oślepiona istota może powtórzyć rzut obronny na koniec każdej swojej tury; powodzenie kończy ten stan.
h7187b090g05a9g4c6fgefa0g22b1e8de0294	45	32	0.711	2	2	Feat: Tavern Brawler\n\nYou lived as a seafarer, wind at your back and decks swaying beneath your feet. You’ve perched on barstools in more ports of call than you can remember, faced mighty storms, and swapped stories with folk who live beneath the waves.	Atut: Zabijaka\n\nMorze jest twoim żywiołem — wiatr wieje w plecy, a pokład kołysze się pod stopami. Znasz stołki barowe w niezliczonych portach, potężne sztormy i opowieści wymieniane z ludem mieszkającym pod falami.
h45df701cg39aag071cg66aag602b1d91c8a1	59	42	0.712	3	3	You have learned arcane plans that you use to make magic items.\n\nCreating an Item. When you finish a Long Rest, you can create one or two different magic items.\n\nWhen you reach 6th and 10th level in this class, the number of magic items you can create at the end of a Long Rest increases to three and four, respectively.	Znasz tajemne schematy służące do tworzenia magicznych przedmiotów.\n\nTworzenie przedmiotu. Po ukończeniu długiego odpoczynku możesz stworzyć jeden albo dwa różne magiczne przedmioty.\n\nNa 6. i 10. poziomie tej klasy liczba magicznych przedmiotów, które możesz stworzyć po długim odpoczynku, wzrasta odpowiednio do trzech i czterech.
h9ce67cb6ga5b0ga13bg7785g0b5aae8510f3	161	115	0.714	4	4	Feat: Cult of the Dragon Initiate\n\nYou are an initiate of the Cult of the Dragon. You discovered or were brought to a cell cult, where you exemplified the values honored by dragon cultists: duplicity, secrecy, and determination. In exchange for your oath to serve the cult, the cult offered you the company of fellow dragon worshipers, plus access to resources that might help further your studies in the realms of arcana and occultism.\n\nDragon's Terror. You can take a Magic action to instill terror in a creature you can see within 30 feet of yourself. The target must succeed on a Wisdom saving throw or have the Frightened condition until the end of your next turn.\n\nInspired by Fear. When you cause a creature to gain the Frightened condition and you are the source of its fear, you gain Heroic Inspiration. Once you use this benefit, you can’t use it again until you finish a Short or Long Rest.	Atut: Nowicjusz Kultu Smoka\n\nNależysz do nowicjuszy Kultu Smoka. Trafiasz do komórki kultu i wykazujesz cenione przez smoczych kultystów cechy: dwulicowość, dyskrecję i determinację. W zamian za przysięgę służby kult zapewnia ci towarzystwo innych czcicieli smoków oraz dostęp do zasobów pomocnych w zgłębianiu wiedzy tajemnej i okultyzmu.\n\nSmocza groza. W ramach akcji Magii możesz napełnić grozą widoczną istotę w promieniu 9 m od siebie. Cel musi wykonać rzut obronny na Mądrość; w razie niepowodzenia otrzymuje stan Przerażenia do końca twojej następnej tury.\n\nNatchnienie strachem. Gdy sprawiasz, że istota otrzymuje stan Przerażenia, a ty jesteś źródłem jej strachu, zyskujesz heroiczną inspirację. Po użyciu tej korzyści nie możesz zrobić tego ponownie, dopóki nie ukończysz krótkiego albo długiego odpoczynku.
h61a4b68fgff5eg7169g07bfg95aab5c70a68	63	45	0.714	1	1	You brandish the weapon used in the spell’s casting and make a melee attack with it against one creature within 5 feet of you. On a hit, the target suffers the weapon attack’s normal effects, and you can cause green fire to leap from the target to a different creature that you can see within 5 feet of it. The second creature takes [1].	Unosisz broń używaną do rzucenia czaru i wykonujesz nią atak wręcz przeciwko jednej istocie w promieniu 1,5 m. Po trafieniu cel odczuwa zwykłe skutki ataku bronią, a ty możesz sprawić, że zielony ogień przeskoczy z niego na inną widoczną istotę w promieniu 1,5 m. Druga istota otrzymuje [1].
h8bd54844g8c51g684dg0147ga45b20304d23	49	35	0.714	1	1	"The target makes a Wisdom saving throw. On a failed save, the target takes Psychic damage equal to two rolls of your <LSTag Type=""ActionResource"" Tooltip=""BardicInspiration"">Bardic Inspiration</LSTag> die and has the Charmed condition until the start of your next turn. On a successful save, the target takes half as much damage only."	"Cel wykonuje rzut obronny na Mądrość. Przy niepowodzeniu otrzymuje obrażenia psychiczne w liczbie równej dwóm wynikom rzutu kością <LSTag Type=""ActionResource"" Tooltip=""BardicInspiration"">bardowskiej inspiracji</LSTag> i ma stan Zauroczenia do początku twojej następnej tury. Przy powodzeniu otrzymuje połowę tych obrażeń."
ha8eaee0fg754dg1d66g293cgf44cc84312b0	162	116	0.716	3	3	You gain the ability to censure creatures with the power of Hell. Once on your turn, you can place a magical seal on a creature within 30 feet of you. You can either place this seal when you hit that target with a weapon attack (no action required), or you can use a bonus action to place this seal on a target you can see within range. This seal lasts until burned. A creature with one or more of your seals is referred to as an interdicted creature.\n\nYou can place only a limited number of seals before resting, and you regain all expended seals when you finish a short or long rest. You can have a maximum of three seals at 1st level, four seals at 3rd level, and five seals at 7th level.\n\nIf an interdicted creature dies, you regain all the seals you placed on it. You can place those seals again on new targets, one at a time, in the usual way.	Zyskujesz zdolność karania istot mocą Piekła. Raz w swojej turze możesz nałożyć magiczną pieczęć na istotę w promieniu 9 m od siebie. Możesz zrobić to po trafieniu celu atakiem bronią (bez wydawania akcji) albo w ramach akcji dodatkowej nałożyć pieczęć na widoczny cel w zasięgu. Pieczęć trwa do chwili spalenia. Istotę noszącą co najmniej jedną twoją pieczęć nazywa się istotą objętą interdyktem.\n\nPrzed odpoczynkiem możesz nałożyć ograniczoną liczbę pieczęci, a wszystkie zużyte pieczęcie odzyskujesz po ukończeniu krótkiego albo długiego odpoczynku. Możesz mieć maksymalnie trzy pieczęcie na 1. poziomie, cztery na 3. poziomie i pięć na 7. poziomie.\n\nJeśli istota objęta interdyktem ginie, odzyskujesz wszystkie nałożone na nią pieczęcie. Możesz ponownie nakładać je na nowe cele, pojedynczo i na zwykłych zasadach.
hb8891366g1f90g73e0ge8d1ge4a2ec9f47e0	67	48	0.716	1	1	Your magic is created by pieces of the Everheart, the center and driving force behind the expanding Everglacier wastelands. This power within you might be passed down through ancestors who protected the glacier’s magical core, or it might have been forced upon you through a chance encounter with the enchanted ice itself. Regardless of the source of your power, you are a creature of cold incarnate.	Twoja magia rodzi się z odłamków Wiecznego Serca — jądra i siły napędzającej rozrastające się pustkowia Wiecznego Lodowca. Moc ta mogła przejść na ciebie po przodkach, którzy strzegli magicznego jądra lodowca, albo zostać ci narzucona podczas przypadkowego spotkania z samym zaklętym lodem. Niezależnie od jej źródła jesteś wcieleniem zimna.
h26a9d040g90ffg7098gc158g401ddd420d2e	60	43	0.717	1	1	"During your turn, your reach is 10 feet greater with any Melee weapon that has the Heavy or Versatile property, as tendrils of the World Tree extend from you. When you hit with such a weapon on your turn, you can activate the <LSTag Type=""Passive"" Tooltip=""WeaponMasteryPush"">Push</LSTag> or Topple mastery property in addition to a different mastery property you’re using with that weapon."	"Podczas swojej tury masz zasięg większy o 3 m, gdy używasz broni do walki wręcz z właściwością Ciężka albo Wszechstronna, ponieważ wyrastają z ciebie pnącza Drzewa Świata. Gdy w swojej turze trafisz taką bronią, oprócz używanej właściwości mistrzostwa możesz aktywować również <LSTag Type=""Passive"" Tooltip=""WeaponMasteryPush"">Popchnięcie</LSTag> albo Obalenie."
hae8770acg873fg844dgedd5g825cc772d72c	46	33	0.717	1	1	"When a creature hits you with an attack roll, you can take a Reaction to force the creature to make a Wisdom saving throw against your spell save DC. On a failed save, the target has the <LSTag Type=""Status"" Tooltip=""STUNNED"">Stunned</LSTag> condition until the end of your next turn."	"Gdy istota trafi cię atakiem, możesz w ramach reakcji zmusić ją do rzutu obronnego na Mądrość przeciwko twojemu ST obrony przed czarami. Przy niepowodzeniu cel otrzymuje <LSTag Type=""Status"" Tooltip=""STUNNED"">stan Ogłuszenia</LSTag> do końca twojej następnej tury."
h96aa51dag6fb2gf3a9g321fged3d699fde79	71	51	0.718	2	2	Feat: Lucky\n\nYou grew up in a land of living god-kings, and as a child you were told countless stories of ancient empires and buried cities. In these tales, Mulhorand was a land overflowing with forgotten riches—priceless treasures awaiting anyone cunning and brave enough to seek them out. You’ve taken it upon yourself to explore your homeland’s crypts, tombs, and pyramids to reclaim your people’s relics.	Atut: Szczęściarz\n\nDorastasz w krainie żyjących boskich królów, słuchając niezliczonych opowieści o starożytnych imperiach i pogrzebanych miastach. Według nich Mulhorand przepełniają zapomniane bogactwa — bezcenne skarby czekające na każdego, kto ma dość sprytu i odwagi, by ich szukać. Podejmujesz się eksploracji krypt, grobowców i piramid swojej ojczyzny, aby odzyskać relikty własnego ludu.
hf202d0a0gaaf3ge15bgc2f1g94f60d8193aa	64	46	0.719	2	2	Puncture. Once per turn, when you hit a creature with an attack that deals Piercing damage, you can reroll one of the attack’s damage dice, and you must use the new roll.\n\nEnhanced Critical. When you score a Critical Hit that deals Piercing damage to a creature, you can roll one additional damage die when determining the extra Piercing damage the target takes.	Przebicie. Raz na turę, gdy trafisz istotę atakiem zadającym obrażenia kłute, możesz przerzucić jedną kość obrażeń ataku i musisz użyć nowego wyniku.\n\nWzmocnione trafienie krytyczne. Gdy uzyskasz trafienie krytyczne zadające istocie obrażenia kłute, możesz rzucić dodatkową kością obrażeń podczas określania dodatkowych obrażeń kłutych otrzymanych przez cel.
