contentuid	english	polish	official_exact
hf7c771bbgba46g05a3g6c15g9c7c4ebba6b6	Absorb Elements	Wchłanianie żywiołów	yes
haac8d098g36f5gfad0g0c19g710686be3050	Aganazzar's Scorcher	Spopielacz Aganazzara	no
he6319c8dga9bagd985gfc80gc057d99c3f06	Aid	Pomoc	yes
hf5433434g6271ge302gedbbg79fd7c7dccbb	Arcane Alchemy	Tajemna alchemia	no
h1e350658g92b2g40abg4e13g0a0194995e34	Arcane Vigor	Magiczna krzepa	no
h61c3e42cg02b0g7f38gda65gdc3642939a49	Arcane Vigor: D10	Magiczna krzepa: k10	no
h2c125804g85eegc3ecgdd44g25edc8c0bb5c	Arcane Vigor: D12	Magiczna krzepa: k12	no
h87a45194g95b7g00ceg2f9eg6c288ed38884	Arcane Vigor: D6	Magiczna krzepa: k6	no
hebba7f87g6370g87ceg8319g29430a465253	Arcane Vigor: D8	Magiczna krzepa: k8	no
hefff3653g8439g5d57g7610g02ccec1105b6	Ashardalon's Stride	Krok Ashardalona	no
hcaaac561g47fbgc64dga290gc1f58fa033fa	Astral Flood	Astralna powódź	no
hfefb5384gcdb9g70a3g4fd3g5796fed23526	Awaken	Przebudzenie	yes
h7282e855ge2c0g4f40gc42bgdec458d13ad3	Ballistic Smite	Balistyczne ugodzenie	no
h55e5be08g5ff7g2cf9g5dabg5964e7cfef5a	Ballistic Smite: Acid	Balistyczne ugodzenie: Kwas	no
h40f147a8g98d2gb22dg8665g35bdab166d32	Ballistic Smite: Cold	Balistyczne ugodzenie: Zimno	no
hbdc42068gbee7gfa65g006egbbd103dbaeae	Ballistic Smite: Fire	Balistyczne ugodzenie: Ogień	no
h96c1b9f4g4877g6b3eg89e6gff5592637883	Ballistic Smite: Lightning	Balistyczne ugodzenie: Elektryczność	no
hafc90845gfef4gbcabg21e1g4b507cd3aea3	Ballistic Smite: Poison	Balistyczne ugodzenie: Trucizna	no
h56c89b94g9c5cg3e99g2ac5gc5f4723f0a66	Ballistic Smite: Thunder	Balistyczne ugodzenie: Dźwięk	no
hd7230d6bg2475g7ee0gd19eg41d41b35912b	Bestow Curse	Nałożenie klątwy	yes
h11d7d8f1g23a0gf9a4gf2a3ge05280ee0ccb	Bestow Curse: Additional Damage	Nałożenie klątwy: Dodatkowe obrażenia	yes
h18946b2fg2799g5d8cg1191ga2ad1070c791	Bestow Curse: Attack Disadvantage	Nałożenie klątwy: Utrudnienie w ataku	yes
h48d03ba3g804fg652dg12b7g4a3946dd70bb	Bestow Curse: Charisma Disadvantage	Nałożenie klątwy: Utrata Charyzmy	yes
h2b722fa9ge1fcgdec8gaf5ag936948724f78	Bestow Curse: Constitution Disadvantage	Nałożenie klątwy: Utrata Kondycji	yes
h44e7ec16gb1b1g3723g68a5gbfb6ea5ffd15	Bestow Curse: Dexterity Disadvantage	Nałożenie klątwy: Utrata Zręczności	yes
h7857474dg4e6bgab4cgc9c8g1f39398bde4c	Bestow Curse: Dread	Nałożenie klątwy: Groza	yes
hda9ed1dagfaa2ge452g0aa6g30341cf8bef5	Bestow Curse: Intelligence Disadvantage	Nałożenie klątwy: Utrata Inteligencji	yes
ha29f6dc9gfcf4g2493g23cbg8a60b97c11b0	Bestow Curse: Strength Disadvantage	Nałożenie klątwy: Utrata Siły	yes
hb6067f83ga83eg2305g1b53geefaa2c43f57	Bestow Curse: Wisdom Disadvantage	Nałożenie klątwy: Utrata Mądrości	yes
hac2038b1g27f4g7096gf7e6ga4a86b7083cd	Blood Bolt	Krwawy pocisk	no
h68cc0961gb6ceg3e67g1ae5g31162e46016b	Body Warping of Gorgoroth	Wypaczenie ciała Gorgorotha	no
ha82b5e6dgb4b1gb2a1g8b53g475515ffec20	Booming Blade	Grzmiące ostrze	yes
h189c7c23gc92fg05ccg593egcb14bf67243c	Cacophonic Shield	Kakofoniczna tarcza	no
hff8c3953ga42fgb3bfgdad0g52582466fdd5	Catapult	Katapulta	no
hd678ff27gf310g1345ge315g9600ee9eb47f	Chromatic Orb	Barwna kula	yes
h4872fd6fg03e8g3270gef5eg17b2579e7b54	Chromatic Orb: Acid	Barwna kula: Kwas	yes
hfa1c18cdgeabfg85efg3a71gd46ceebc5ade	Chromatic Orb: Cold	Barwna kula: Zimno	yes
h474abec9g9b82g3768gcbe8g52802bbfa5bb	Chromatic Orb: Fire	Barwna kula: Ogień	yes
h33d569dfgf7b9g9c83gb501g45f35a97b5ad	Chromatic Orb: Lightning	Barwna kula: Elektryczność	yes
h4bf024c1gf01fg22f3g2229gbb7c9750d10b	Chromatic Orb: Poison	Barwna kula: Trucizna	yes
hb2960ca9g49d7g3639g1356g1d818e28a64a	Chromatic Orb: Thunder	Barwna kula: Dźwięk	yes
hd212fcfagf0edg6619ga792g36f58b10cd9d	Circle of Power	Krąg mocy	no
h8d0f6247g32e9g935cg8e24g277269d5eee0	Circle of the Moon Spells	Czary Kręgu Księżyca	no
hc9492c94g19bfg3230gbfc3g6cf10c6d02e5	Cloak of Shadow	Płaszcz cienia	no
h3f315172g0ecag6f6ag14c9g3d5db880a811	Cloud of Daggers	Chmura sztyletów	yes
h423aa2bdgc981gde37g9921g76d99865cb47	Cloud’s Jaunt	Wędrówka chmur	no
hddcc10f2gfedfg2db7g09f0g30494e6b25b9	Colour Spray	Kolorowy rozprysk	yes
h2e981e1agea92gf303gbd58g40778c39d1a0	Command	Rozkaz	no
h1aad8c1fg361agaeccg2052g886596475c71	Command: Approach	Rozkaz: Podejdź	no
h62c20d37gbc3eg8a0agce13g93a1af442c37	Command: Drop	Rozkaz: Puść	yes
h06e44f53g108ag0c88g6e39g3ed51371b74c	Command: Flee	Rozkaz: Uciekaj	no
hd931bfa1g19c2g9666g6536gc1cace368615	Command: Grovel	Rozkaz: Ukorzenie się	yes
he43c6e06g10c8g5acfgdff0g03b51d7b5fc1	Command: Halt	Rozkaz: Zatrzymanie	yes
h62cff8cage7beg5924gfdcag36adfb6e59db	Command: Halt	Rozkaz: Zatrzymanie	yes
h3383897fg0d52g3610ga0acg1e6c8127185a	Command: Halt	Rozkaz: Zatrzymanie	yes
h5b521bc0g991ag1509g1532g7a7432c14232	Cone of Cold	Stożek zimna	yes
h8b1d72d3gf86ag8352gbc15ga4b6db6acf02	Conflagrant Channel	Płomienny kanał	no
ha1f46ec6g425egaef3g8a83g4a20db310dd5	Conjure Celestial	Wyczarowanie niebianina	no
h8eb0c380gc532g2b56ge76ag79d1d658cdbf	Contagion	Zaraza	yes
hdc0383dag5a23gd42dg0b27g00f90507d3e4	Contagion: Blinding Sickness	Zaraza: Zaćma bolesna	yes
h526796c0g7033g01b1g9d4eg2dad2e203b62	Contagion: Filth Fever	Zaraza: Plugawica	yes
hfc1438b7g6f56g436cg9eccga92207802562	Contagion: Flesh Rot	Zaraza: Leproza gnilna	yes
hc7ef25e5g5059gb4b2gb313g2514a5bee4a9	Contagion: Mindfire	Zaraza: Ogień umysłu	yes
h0ce6273dg8fb2g5e40gb370g2250273aca87	Contagion: Seizure	Zaraza: Wstrząsówka	yes
h823faaa9gdffegae75g4029g9f85e40f34e7	Contagion: Slimy Doom	Zaraza: Oślizła zagłada	yes
he2351ff1gc2fegeb0ag256cg5f2fee7ff699	Darkbolt	Mroczny pocisk	no
hdbf6da5fgd885gc08cg83acg46495bbfa106	Dawn	Świt	no
h06dbb138g6afagfebbg9a03gd5d229bb475e	Dazing Blast	Oszałamiający wybuch	no
h47e9e8edg7b15gb388g44c7ge5b71376dbe8	Death Armor	Zbroja śmierci	no
h2f104997g62ecgd0e7g3258g0be25d035207	Djinni’s Escape	Ucieczka dżinna	no
he19de47agde53g5b49gd45ag019467942cb7	Dragon's Breath	Smocze zionięcie	no
h3c1b94c0g3b79g0911g3aa7ge6561bd5cb56	Dream	Sen	no
hd8f158fcg0f26g89adg3cb8g224c43224f85	Dummy Spell	Czar testowy	no
h5c1e93a7g2f48g4d6bg8e13ga7f4c2b60d95	Duplicitous Casting	Czarowanie przez sobowtóra	no
h63854322g2981gf688g3b17g3be3eb3cbaea	Eldritch Blast	Nieziemskie uderzenie	yes
hdb0aa103g9344gc10cg7143gabd5c9c363de	Elemental Exhalation	Zionięcie żywiołu	no
h9adc4c48gd787g4656g13acg233be42b05a3	Elminster's Elusion	Nieuchwytność Elminstera	no
hb0a6474bg13f1g3902g0e55g5cd782210550	Enervation	Wyczerpanie	no
h1785347fg2b9egdb19g2afdg3bc79075ff41	Ethereal Jaunt	Eteryczny skok	yes
h9c95882dg83f6g1bbdg05f2geae221b89b7a	False Life	Fałszywe życie	yes
h7223d543gf408g50fagb634g0ce2909ad820	Fey Step	Krok fey	no
h75d1a2deg8c23gb291g4a07g0b23ca7da55c	Find Steed	Znalezienie wierzchowca	no
h4fb0f4d8g4a69gae26g0f0fg98c78bd0a838	Finger Guns	Pistolety z palców	no
h9cf5d531g4949g8b3ag675egdf76db2f6a46	Fire Dance	Taniec ognia	no
h954ddf9fg7f78ge82dg57c0gb1a304bf4d54	Fire Rune	Runa ognia	no
h3c4853cag177dg4ea8g0c15gde7e940ee735	Font of Inspiration	Źródło inspiracji	yes
h81a318d3g7d25ge9f7g6cb8g0d641f9d7d75	Fount of Moonlight	Źródło blasku księżyca	no
h5acbb969gf7e6g885egf07ag2ca3bb42d3a7	Frightful Start	Przerażający początek	no
h7f78644fgc03fg2c71gd773gd6880da7a968	Frostbite	Odmrożenie	yes
h3729f6f3g8054gfc05g7817g8f510f005496	Green-Flame Blade	Ostrze zielonego płomienia	no
h86ac4829gb9e1g65b8gf4b3g9e412c0d7a5e	Guiding Whispers	Szepty przewodnie	no
h913a1845g6aeeg56e5g1083g84f2c46ab26a	Hellfire	Ogień piekielny	yes
h89a134d0g96d7ga7b7g8000gde7bf71cecdc	Hell’s Lash	Piekielny bicz	no
h5d17bbf7gb793g42b6gacefg8a899ba5c4ab	Hex	Urok	yes
hc904ec1agac4cgacb6g35dfg81038f9c3e4f	Hex (Charisma)	Urok (Charyzma)	yes
h5237054dgbd17gc3dagc39cg00fae637b62d	Hex (Constitution)	Urok (Kondycja)	yes
h4237c162g3b21g9ad5gbb24gfcac91a66def	Hex (Dexterity)	Urok (Zręczność)	yes
hbea57063g0a4cg9437g0425g09d1d0f11ebd	Hex (Intelligence)	Urok (Inteligencja)	yes
h380fb49dg3e47g7b02gf89dge802681c350e	Hex (Strength)	Urok (Siła)	yes
h830830a0g7b58gd836gd2ceg2928e77472c1	Hex (Wisdom)	Urok (Mądrość)	yes
h447397a3g875fgc842g106dg4b2c03ef1b5b	Hidden Paths	Ukryte ścieżki	no
hfd297654g852eg6991g0f63g6d204e54a34b	Holy Weapon	Święta broń	no
hbca64bf4ga835g10c5gba60g0c68950c7135	Holy Word	Święte słowo	no
hcee9d863gb64eg2f43gf305g608bc4aa5061	Hungering Blade	Głodne ostrze	no
hd981160eg2361g96c5g14b2g6faa8b2cc888	Invocation: False Life	Inwokacja: Fałszywe życie	yes
h090fc065geb1dge3e6g22b1g1d5d2fa91c92	Laeral's Silver Lance	Srebrna lanca Laeral	no
had9ee1e5g5369g47b5g65c4g37b956523a59	Mind Sliver	Myślowy odłamek	no
h84a10acdg5e1fgb4f6g3b55g7f5134f52d10	Mind Spike	Myślowy cierń	yes
h6e1403d1gbd2egd8fbge956ga08f199a8661	Misty Step	Krok przez mgłę	yes
h9203385fgb0d0gc75egca31g0264dad5cc14	Moonlight Step	Krok w blasku księżyca	no
ha7a7ed57ge0dfg482ega39bg63f8ac7d0d32	Move Dawn	Przesuń świt	no
h69e1f672gc48fg3f52g323bg3be6611e1538	Murder of Crows 	Stado kruków	no
h9652267bgde21g4799ga95ag6f6fadec6806	Murmurs of Doom	Pomruki zagłady	no
he922cbadga1cagc50eg44aagb22738ab6296	Phantom Steed	Widmowy wierzchowiec	no
h304c8356g8ee7gee35g4f51gd593700b631e	Prestidigitation	Kuglarstwo	no
h765e1e3cg4b04g748dg2d8bgdf11cdf13716	Prestidigitation: Clean	Kuglarstwo: oczyść	no
h9b77345dg3b14g2b92g2dcegb47d678b5d96	Prestidigitation: Ignite	Kuglarstwo: zapal	no
h7dcf36cegab2dgf436g83fag871c5d97b6a7	Prestidigitation: Snuff	Kuglarstwo: zgaś	no
h5feecb41gdbe1gef09gb9dbg3d32f331a0f6	Rangers Companion	Towarzysz łowcy	no
hb33f8a62gdd36gf6d9gacb0ge5a98eab7ecd	Reapply Hex	Powtórz urok	yes
h6f62ceafgc618g1146g5257g5408af5dab65	Reapply Hex (Charisma)	Powtórz urok (Charyzma)	yes
hc51bf50bg7affgbbefgf975ga57d608a8b19	Reapply Hex (Constitution)	Powtórz urok (Kondycja)	yes
h08115bbbgf0d0gd268g5ce9g6d73edc1f0dc	Reapply Hex (Dexterity)	Powtórz urok (Zręczność)	yes
h86c9143ega058g12f9g6c50ga755dfac9985	Reapply Hex (Intelligence)	Powtórz urok (Inteligencja)	yes
h365cad4egf41dg3be3g2556g60c4f94dca47	Reapply Hex (Strength)	Powtórz urok (Siła)	yes
hfa7f6205ge320g224eg9c60g341254b00f5d	Reapply Hex (Wisdom)	Powtórz urok (Mądrość)	yes
h21e9c371g94d2g99bbgc117g1f69a24cfd8a	Recharge Arcane Ward	Odnów magiczną powłokę	no
h34aa1f06g5476g9077g6ecegcbeaecd1d022	Reduce	Pomniejszenie	yes
ha941d1afgce71g4b43gb6cegdff72cc4a2b4	Rime's Binding Ice	Wiążący lód Rime'a	no
h95738422ged47g3260g1b9dg2cefcd3f0146	Searing Orb	Płonąca kula	no
h390480b0g8f9fg5e94g1ba4g8e67566c3cce	Shadow Teleportation	Teleportacja cienia	yes
h3bb1c07ag3913g5b74g9454gdcebc7737556	Shield of Faith: War God’s Blessing	Tarcza wiary: błogosławieństwo boga wojny	no
hd9de5da7g002ag9970g205agdaf99dc1ddd9	Snilloc's Snowball Swarm	Rój śnieżek Snilloca	no
h186d2005gce77g5134gd47dgcd1286eb95f5	Sorcerous Burst	Wybuch mocy	no
hd9e8561fg5920g7f26g9d66g15b2d44e24f3	Spare the Dying	Powstrzymanie śmierci	yes
h6f008cdbg3350gd976g5f94g72ed94e99398	Spectral Slash	Widmowe cięcie	no
hef1552acg9a55g7c16ge056g056772bcc3ec	Spellfire Flare	Rozbłysk magicznego ognia	no
hf91f3fe6gf176g015fg2e8bg8d7e113fb2e5	Spellfire Storm	Burza magicznego ognia	no
hcaeae1ebgf2c5gb598g6716gb1b7c699916c	Spiritual Weapon: War God’s Blessing	Duchowa broń: błogosławieństwo boga wojny	no
hf5d6de51g8683g514bgcfd2gd52016de99fe	Starry Wisp	Gwiezdny ognik	no
h0830e0b7g5f29g2f2egddefgdf29c01c0374	Steel Defender	Stalowy obrońca	no
h002f5e57g1181g2dbbg226fgf29f606b801c	Steel Wind Strike	Uderzenie stalowego wichru	no
hbc64cea5g7abcg4ee4g6f8cg7e90db0c0465	Summon Beast: Giant Eagle	Przyzwij bestię: olbrzymi orzeł	no
h6057aef1gc72eg192ag3affgca7098f7a4c4	Summon Beast: Giant Eagle (Illusion)	Przyzwij bestię: olbrzymi orzeł (iluzja)	no
h8925bf96gcc33g196cg6b28ga8e21a86bf29	Summon Dragon	Przyzwanie smoka	no
h1a950eaag6cb3g9b5cgfb98gc721a9abd164	Summon Fey: Red Cap	Przyzwij fey: krasnal	no
h32ce3bc3gbd08g5553gcc7dga7ed37159c2b	Summon Fey: Red Cap (Illusion)	Przyzwij fey: krasnal (iluzja)	no
h959cb550g10b0g1785ga0e3gd4203b55f7b8	Sword Burst	Wybuch miecza	no
hd666f94dg1a88g5b93g7dcbgfbc951360305	Synaptic Static	Szum synaptyczny	no
h520061aagfd3bg1e64g6e2dg7bfb16deeec1	Tasha's Mind Whip	Bicz umysłu Tashy	no
h4a76861cg2a42g5900gbd08gc593fbb9811e	Thorn Armor	Cierniowa zbroja	no
h8d4a4bb1g65b7g5025g4514gdfa80f1282ba	Thunderclap	Grzmot	yes
h7db1a592ge710g4c16g2014gbe064274b274	Tidal Wave	Fala przypływowa	no
hc53cf966gb23fg281eg72e3g7fee38b6dede	Tide of Darkness	Przypływ ciemności	no
hec10168bged4egc312g169dgd40b9b631b23	Trollblood Infusion	Nasycenie krwią trolla	no
hde7eade7g981dg355bg6e30g0089c6fe0377	True Strike (Melee)	Prawdziwe uderzenie (wręcz)	no
hc48575fbg3411gc50ag88aeg18f05fb53a0f	True Strike (Ranged)	Prawdziwe uderzenie (dystansowe)	no
h74c27673g4c1bga1beg5a49ga7aec2022773	Umbral Tendril	Cienista macka	no
h65da4e4ag4859ga026g9095g2e8a3e5e278f	Vengeful Blade	Mściwe ostrze	no
h2bbc0ae7ged33gb46fg82a1ge5f25d92f4a0	Vitriolic Sphere	Żrąca kula	no
h8b08b170g8caagfb3fg29fcg67cbdcce5976	Void Strike	Uderzenie pustki	no
h8f9cfbbcgaa6dgc17bg2d8fg66589650eeb4	Wardaway	Odpędzenie	no
h4fc2af8fg81c5g79b5g40c7gfd252be60f4c	Wild Resurgence	Dzikie odrodzenie	no
hd085b0deg3cc9g0858gdf14geef98a4164c3	Word of Radiance	Słowo blasku	no
