flag	contentuid	source	translation
imperative_title	h4dfef820g9b72g3d0egde23ga602945eec3c	Gain <LSTag Tooltip="Advantage">Advantage</LSTag> on your <LSTag Tooltip="AttackRoll">Attack Roll</LSTag> or <LSTag Tooltip="SavingThrow">Saving Throw</LSTag>.	Отримайте <LSTag Tooltip="Advantage">перевагу</LSTag> на свій <LSTag Tooltip="AttackRoll">кидок атаки</LSTag> або <LSTag Tooltip="SavingThrow">кидок протидії</LSTag>.
damage_type_calque	h363f8861g503bg174cgc576g28e60841fa32	When an attack hits you and deals bludgeoning, piercing, or slashing damage, you can take a Reaction to reduce the total damage you take. The reduction equals 1d10 + your Dexterity modifier + your monk level.\n\nIf this reduces the damage to 0, you can spend 1 Ki Point to use Redirect Attacks.	Коли атака влучає у вас і завдає забійної, колольної або рубальної шкоди, ви можете застосувати реагування, щоб зменшити загальну зазнану шкоду на 1d10 + ваш модифікатор спритності + ваш рівень монаха.\n\nЯкщо це зменшує шкоду до 0, ви можете витратити 1 очко кі, щоб застосувати «Перенаправлення атаки».
damage_type_calque	h96997b05g813bg4cedge308g8b97a39ea6cc	Reduce the bludgeoning, piercing, or slashing damage you take by 1d10 + your Dexterity <LSTag Tooltip="AbilityModifier">modifier</LSTag> + your monk level.\n\nIf this reduces the damage to 0, you can spend 1 Ki Point to use Redirect Attacks.	Зменште зазнану забійну, колольну або рубальну шкоду на 1d10 + ваш <LSTag Tooltip="AbilityModifier">модифікатор</LSTag> спритності + ваш рівень монаха.\n\nЯкщо це зменшує шкоду до 0, ви можете витратити 1 очко кі, щоб застосувати «Перенаправлення атаки».
damage_type_calque	h0266d9b6g2d5egdfa6g1bfag6db68cf5e3ff	Damage Reduction. When you’re hit by an attack while you’re wearing Heavy armor, any Bludgeoning, Piercing, and Slashing damage dealt to you by that attack is reduced by an amount equal to your Proficiency Bonus.	Зменшення шкоди. Коли атака влучає у вас, поки ви носите важкі обладунки, завдана нею забійна, колольна й рубальна шкода зменшується на ваш бонус спеціалізації.
damage_type_calque	h321dea39gd6d7g8505g1460ga4f1c96684b4	Damage Reduction. When you’re hit by an attack while you’re wearing Heavy armor, any Bludgeoning, Piercing, and Slashing damage dealt to you by that attack is reduced by an amount equal to your Proficiency Bonus.	Зменшення шкоди. Коли атака влучає у вас, поки ви носите важкі обладунки, завдана нею забійна, колольна й рубальна шкода зменшується на ваш бонус спеціалізації.
imperative_title	h6e8236c2g9105gb794g70b2g706f0958f778	Gain Advantage on attack rolls and saving throws until the start of Barbarian's next turn.	Отримайте перевагу на кидки атаки та кидки протидії до початку наступного ходу варвара.
imperative_title	h36a49c70g93aeg56fag31d6g861694b3eca0	Turn a creature's flesh hard as stone. It takes only <LSTag Tooltip="Resistant">half the damage</LSTag> of all Bludgeoning, Piercing, and Slashing damage.	Зробіть плоть істоти твердою, мов камінь. Вона зазнає лише <LSTag Tooltip="Resistant">половини шкоди</LSTag> від усіх джерел забійної, колольної та рубальної шкоди.
damage_type_calque	h36a49c70g93aeg56fag31d6g861694b3eca0	Turn a creature's flesh hard as stone. It takes only <LSTag Tooltip="Resistant">half the damage</LSTag> of all Bludgeoning, Piercing, and Slashing damage.	Зробіть плоть істоти твердою, мов камінь. Вона зазнає лише <LSTag Tooltip="Resistant">половини шкоди</LSTag> від усіх джерел забійної, колольної та рубальної шкоди.
imperative_title	hbd15ec06ga1begd062g730ega5c6e100ec6f	Turn a creature's flesh hard as stone. It takes only <LSTag Tooltip="Resistant">half the damage</LSTag> of all Bludgeoning, Piercing, and Slashing damage.	Зробіть плоть істоти твердою, мов камінь. Вона зазнає лише <LSTag Tooltip="Resistant">половини шкоди</LSTag> від усіх джерел забійної, колольної та рубальної шкоди.
damage_type_calque	hbd15ec06ga1begd062g730ega5c6e100ec6f	Turn a creature's flesh hard as stone. It takes only <LSTag Tooltip="Resistant">half the damage</LSTag> of all Bludgeoning, Piercing, and Slashing damage.	Зробіть плоть істоти твердою, мов камінь. Вона зазнає лише <LSTag Tooltip="Resistant">половини шкоди</LSTag> від усіх джерел забійної, колольної та рубальної шкоди.
imperative_title	h901059e2g5cefg4bbbg2e95g491ea1dbb812	Turn a creature's flesh hard as stone. It takes only <LSTag Tooltip="Resistant">half the damage</LSTag> of all Bludgeoning, Piercing, and Slashing damage.	Зробіть плоть істоти твердою, мов камінь. Вона зазнає лише <LSTag Tooltip="Resistant">половини шкоди</LSTag> від усіх джерел забійної, колольної та рубальної шкоди.
damage_type_calque	h901059e2g5cefg4bbbg2e95g491ea1dbb812	Turn a creature's flesh hard as stone. It takes only <LSTag Tooltip="Resistant">half the damage</LSTag> of all Bludgeoning, Piercing, and Slashing damage.	Зробіть плоть істоти твердою, мов камінь. Вона зазнає лише <LSTag Tooltip="Resistant">половини шкоди</LSTag> від усіх джерел забійної, колольної та рубальної шкоди.
imperative_title	h138ad957g4e4cgf396gebd4g8ad15a605ba6	Turn a creature's flesh hard as stone. It takes only <LSTag Tooltip="Resistant">half the damage</LSTag> of all Bludgeoning, Piercing, and Slashing damage.	Зробіть плоть істоти твердою, мов камінь. Вона зазнає лише <LSTag Tooltip="Resistant">половини шкоди</LSTag> від усіх джерел забійної, колольної та рубальної шкоди.
damage_type_calque	h138ad957g4e4cgf396gebd4g8ad15a605ba6	Turn a creature's flesh hard as stone. It takes only <LSTag Tooltip="Resistant">half the damage</LSTag> of all Bludgeoning, Piercing, and Slashing damage.	Зробіть плоть істоти твердою, мов камінь. Вона зазнає лише <LSTag Tooltip="Resistant">половини шкоди</LSTag> від усіх джерел забійної, колольної та рубальної шкоди.
damage_type_calque	h9bcb3486gd911g3c9fgace0g779c9bda1aa7	Has <LSTag Tooltip="Resistant">Resistance</LSTag> to Bludgeoning, Piercing, and Slashing damage.	Має <LSTag Tooltip="Resistant">Стійкість</LSTag> до забійної, колольної та рубальної шкоди.
damage_type_calque	h5f23ece1gd28eg37b5gb2f7g57554d7c8da9	Puncture. When you hit a creature with an attack that deals Piercing damage, you can reroll one of the attack’s damage dice, and you must use the new roll.\n\nEnhanced Critical. When you score a Critical Hit that deals Piercing damage to a creature, you can roll one additional damage die when determining the extra Piercing damage the target takes.	Прокол. Коли ви влучаєте в істоту атакою, що завдає колольної шкоди, ви можете перекинути одну з кісток шкоди цієї атаки й мусите використати новий результат.\n\nПосилене критичне влучання. Коли ви завдаєте істоті критичного влучання з колольною шкодою, ви можете кинути додаткову кістку шкоди, визначаючи додаткову колольну шкоду цілі.
damage_type_calque	hf202d0a0gaaf3ge15bgc2f1g94f60d8193aa	Puncture. Once per turn, when you hit a creature with an attack that deals Piercing damage, you can reroll one of the attack’s damage dice, and you must use the new roll.\n\nEnhanced Critical. When you score a Critical Hit that deals Piercing damage to a creature, you can roll one additional damage die when determining the extra Piercing damage the target takes.	Прокол. Один раз за хід, коли ви влучаєте в істоту атакою з колольною шкодою, можете перекинути одну кістку шкоди цієї атаки й мусите використати новий результат.\n\nПосилене критичне влучання. Коли ви завдаєте істоті критичного влучання з колольною шкодою, можете кинути ще одну кістку, визначаючи додаткову колольну шкоду цілі.
imperative_title	h9b9091cdg68c3ga5edgce70g3588f2071f07	Gain 1d10 Temporary Hit Points.	Отримайте 1d10 тимчасових очок здоров’я.
imperative_title	hac21fc5bg9d5cg705egede3g663945541420	Gain <LSTag Tooltip="Advantage">Advantage</LSTag> on your <LSTag Tooltip="AttackRoll">Attack Roll</LSTag>.	Отримайте <LSTag Tooltip="Advantage">перевагу</LSTag> на свій <LSTag Tooltip="AttackRoll">кидок атаки</LSTag>.
imperative_title	h665b0831g0a27gcf47g1dafg16ce9df4ed5c	Gain <LSTag Tooltip="Advantage">Advantage</LSTag> on your <LSTag Tooltip="SavingThrow">Saving Throw</LSTag>.	Отримайте <LSTag Tooltip="Advantage">перевагу</LSTag> на свій <LSTag Tooltip="SavingThrow">кидок протидії</LSTag>.
imperative_title	hd28c4d74gd3aag5aa9g12b2g628e33edb9c9	Gain Temporary Hit Points equal to the spellcaster’s level plus their Proficiency Bonus.	Отримайте тимчасові очки здоров’я в кількості, що дорівнює рівню заклинача + його бонусу спеціалізації.
imperative_title	h5a116b29gfa53g8de0g6237g5a2e4982dfe5	Gain the benefits of a Short Rest.	Отримайте всі переваги короткого відпочинку.
imperative_title	h568cd018gb348gb0a5g559fgc0dd5e263efc	Gain the benefits of a Short Rest.	Отримайте всі переваги короткого відпочинку.
imperative_title	hb81653bdgbf89g4d3eg8b44g1d6392df53a6	Gain the benefits of a Short Rest.	Отримайте всі переваги короткого відпочинку.
imperative_title	h8d8901f6g2e5cg9e63gccfag9986aa35774d	Gain the benefits of a Short Rest.	Отримайте всі переваги короткого відпочинку.
imperative_title	h29b83689gfd3bg5f53g17f0g9a9d6b677256	Gain the benefits of a Short Rest.	Отримайте всі переваги короткого відпочинку.
imperative_title	h2287dbd5gd1ffga56ag677eg771e23ed7f4c	Gain Temporary Hit Points equal to 2d6 plus the spellcaster’s Proficiency Bonus.	Отримайте тимчасові очки здоров’я в кількості 2d6 + бонус спеціалізації заклинача.
damage_type_calque	haaf829fagd4d2g973eg987ag882a31fcb4ae	Immediately after you cast Smite Spell, you can expend one use of your Channel Oath and invoke one of the following effects.\n\nDao’s Crush. Earth rises up around the target. The target has the Restrained condition.\n\nDjinni’s Escape. You teleport to an unoccupied space you can see within 30 feet of yourself and take on a semi-incorporeal form, which lasts until the end of your next turn. While in this form, you have Resistance to Bludgeoning, Piercing, and Slashing damage, and you have Immunity to the Prone, and Restrained conditions.\n\nEfreeti’s Fury. The target takes an extra 2d4 Fire damage, and flames leap from the target to all enemies you can see within 30 feet of yourself. Each of those creatures also takes 2d4 Fire damage.\n\nMarid’s Surge. The target and each creature of your choice in a 10-foot Emanation originating from you make a Strength saving throw against your spell save DC. On a failed save, a creature is pushed 15 feet straight away from you and has the Prone condition.	Одразу після того, як ви проказуєте закляття Кари, ви можете витратити одне застосування Обітного наснаження й викликати один із таких ефектів.\n\nТиск дао. Земля здіймається навколо цілі. Ціль набуває стану знерухомлення.\n\nВтеча джина. Ви телепортуєтеся у видимий вам вільний простір у межах 30 футів і набуваєте напівбезтілесної форми до кінця вашого наступного ходу. У цій формі ви маєте стійкість до забійної, колольної та рубальної шкоди, а також імунітет до станів повалення та знерухомлення.\n\nЛють іфрита. Ціль зазнає додаткової вогняної шкоди 2d4, а полум’я перескакує від неї до всіх видимих вам ворогів у межах 30 футів. Кожен із них також зазнає 2d4 вогняної шкоди.\n\nНатиск марида. Ціль і кожна вибрана вами істота у 10-футовій еманації від вас виконує кидок протидії силою проти вашої МС протидії закляттям. У разі невдачі істоту відштовхує на 15 футів прямо від вас, і вона набуває стану повалення.
damage_type_calque	hc2eacb6dgfdd7gb76ag186cgecc6d2ed93b5	You teleport to an unoccupied space you can see within 30 feet of yourself and take on a semi-incorporeal form, which lasts until the end of your next turn. While in this form, you have Resistance to Bludgeoning, Piercing, and Slashing damage, and you have Immunity to the Prone, and Restrained conditions.	Ви телепортуєтеся у видимий вільний простір у межах 30 футів і набуваєте напівбезтілесної подоби до кінця свого наступного ходу. У цій подобі ви маєте стійкість до забійної, колольної та рубальної шкоди й імунітет до станів повалення та знерухомлення.
damage_type_calque	h08615922g6a70gfeabg9ddeg3e421bcce131	You teleport to an unoccupied space you can see within 30 feet of yourself and take on a semi-incorporeal form, which lasts until the end of your next turn. While in this form, you have Resistance to Bludgeoning, Piercing, and Slashing damage, and you have Immunity to the Prone, and Restrained conditions.	Ви телепортуєтеся у видимий вільний простір у межах 30 футів і набуваєте напівбезтілесної подоби до кінця свого наступного ходу. У цій подобі ви маєте стійкість до забійної, колольної та рубальної шкоди й імунітет до станів повалення та знерухомлення.
damage_type_calque	h2882b8f2g2c4dg9432gc6b0gd97aa3d6ec17	You teleport to an unoccupied space you can see within 30 feet of yourself and take on a semi-incorporeal form, which lasts until the end of your next turn. While in this form, you have Resistance to Bludgeoning, Piercing, and Slashing damage, and you have Immunity to the Prone, and Restrained conditions.	Ви телепортуєтеся у видимий вільний простір у межах 30 футів і набуваєте напівбезтілесної подоби до кінця свого наступного ходу. У цій подобі ви маєте стійкість до забійної, колольної та рубальної шкоди й імунітет до станів повалення та знерухомлення.
imperative_title	h5a2f62c0g20c4g7473ge5fagb7ae81549ea5	Gain Temporary Hit Points equal to 1d4 plus spell caster's Charisma modifier.	Отримайте тимчасові очки здоров’я в кількості 1d4 + модифікатор харизми заклинача.
imperative_title	h1e6725ecg25f9g4965g6e7dg3fb50e04d1db	Gain Temporary Hit Points equal to the number rolled on the Risk die plus your Gunslinger level.	Отримайте тимчасові очки здоров’я в кількості, що дорівнює результату кидка кістки ризику + ваш рівень стрільця.
imperative_title	h61c977efg9e94ga7feg7173g45a085a426e1	Gain a +2 bonus to all ability checks and saving throws that use Strength or Constitution.	Отримайте бонус +2 до всіх перевірок характеристик і кидків протидії, що використовують силу або статуру.
damage_type_calque	h5873afb5ga1a1gb7ddgaea4gaf5ab082ffd4	You can invoke the rune as a bonus action, gaining resistance to bludgeoning, piercing, and slashing damage for 1 minute.	Вторинною дією ви можете активувати руну й на 1 хвилину отримати стійкість до забійної, колольної та рубальної шкоди.
imperative_title	hb2138320gcf6dg81c1g3662ge3c4c690607b	Gain Temporary Hit Points equal to the number rolled on the Risk die.	Отримайте тимчасові очки здоров’я в кількості, що дорівнює результату кидка кістки ризику.
imperative_title	h8cd365c4g7106g7c48g3af0gaa9b0e85108b	Gain temporary hit points equal to your illrigger level.	Отримайте тимчасові очки здоров’я в кількості, що дорівнює вашому рівню ілріґера.
imperative_title	h158d6a37ga6c0ga147gbd62g2f7886d1d51b	Gain a +2 bonus to AC for 1 minute.	Отримайте бонус +2 до РЗ на 1 хвилину.
damage_type_calque	hf478fc95g9735gc147g5553g233bdcac6a42	The bearer gains resistance to bludgeoning, piercing, and slashing damage from both nonmagical and magical attacks.	Носій отримує стійкість до забійної, колольної та рубальної шкоди як від немагічних, так і від магічних атак.
damage_type_calque	hb35a01acgce21gf8a8gc7b6g225fbd67b408	Has <LSTag Tooltip="Resistant">Resistance</LSTag> to Bludgeoning, Piercing, and Slashing damage.	Має <LSTag Tooltip="Resistant">Стійкість</LSTag> до забійної, колольної та рубальної шкоди.
damage_type_calque	ha9065fa0gda11g9fbag0a9fgd56f197c42ac	For 1 minute, you have Resistance to Bludgeoning, Piercing, and Slashing damage.	Протягом 1 хвилини ви маєте стійкість до забійної, колольної та рубальної шкоди.
imperative_title	h63ae3ebcg6ca5g662cga9ebg81bcaf35125f	Gain a +2 bonus to Intelligence, Wisdom, and Charisma saving throws.	Отримайте бонус +2 до кидків протидії інтелектом, мудрістю та харизмою.
imperative_title	he222d284gfebfg2d88g1574g14e9d5ea7c35	Gain Temporary Hit Points equal to 2d6 + the Cleric's Wisdom modifier.	Отримайте тимчасові очки здоров’я в кількості 2d6 + модифікатор мудрості клірика.
damage_type_calque	h1449cbcfg1e78g7153g5e0dg53362829c1a3	Your intense training bears fruit. You gain proficiency with martial weapons and training with medium armor.\n\nWhenever you finish a Short Rest, you can perform a ritual on a melee weapon you are proficient with that deals Piercing or Slashing damage, sanctifying it. It becomes your sanctified blade, and you can only have one such blade at a time. The blade gains the Finesse property for you, and attacks made with it against Aberrations, Fiends, and Undead ignore Resistance to damage.	Наполегливі тренування дають плоди. Ви отримуєте володіння бойовою зброєю та вміння носити середні обладунки.\n\nПісля кожного короткого відпочинку ви можете провести ритуал над зброєю ближнього бою, якою володієте та яка завдає колольної або рубальної шкоди, освятивши її. Вона стає вашим освяченим клинком; одночасно ви можете мати лише один такий клинок. Для вас клинок набуває властивості «Фехтувальна», а атаки ним проти покручів, нечисті й невмерлих ігнорують стійкість до шкоди.
damage_type_calque	hb8fdcfc4ga498g2b1cg07dfg1712e7560d44	Whenever you finish a Short Rest, you can perform a ritual on a melee weapon you are proficient with that deals Piercing or Slashing damage, sanctifying it. It becomes your sanctified blade, and you can only have one such blade at a time. The blade gains the Finesse property for you, and attacks made with it against Aberrations, Fiends, and Undead ignore Resistance to damage.	Після кожного короткого відпочинку ви можете виконати ритуал над зброєю ближнього бою, якою володієте та яка завдає колольної або рубальної шкоди, освятивши її. Вона стає вашим Освяченим клинком; одночасно ви можете мати лише один такий клинок. Для вас він набуває властивості «Фехтувальна», а атаки ним проти покручів, нечисті й невмерлих ігнорують стійкість до шкоди.
imperative_title	h243a5f49gc364g1981gbc7fge75041c302f9	Gain temporary hit points.	Отримайте тимчасові очки здоров’я.
damage_type_calque	h5f480b91gf52bg2751g6254gdd8113ff8e2e	When you cast this spell, a flexible exoskeleton covered in thorns appears around a willing target within range. The target gains [1] Temporary Hit Points. If a creature hits the target with a melee attack roll before the spell ends, that creature takes Piercing damage equal to the number of Temporary Hit Points lost as a result of the attack. This spell ends early if the target has no remaining Temporary Hit Points granted by this spell.	Коли ви проказуєте це закляття, навколо згодної цілі в межах досяжності з’являється гнучкий екзоскелет, укритий шипами. Ціль отримує [1] тимчасових очок здоров’я. Якщо до завершення закляття істота влучає в ціль атакою ближнього бою, нападник зазнає колольної шкоди в кількості тимчасових очок здоров’я, втрачених ціллю від цієї атаки. Закляття достроково завершується, коли в цілі не залишається наданих ним тимчасових очок здоров’я.
damage_type_calque	hf4db5d55g3f59g3137gd662g4504298dce7d	Gains [1] Temporary Hit Points. If a creature hits the target with a melee attack roll before the spell ends, that creature takes Piercing damage equal to the number of Temporary Hit Points lost as a result of the attack. This spell ends early if the target has no remaining Temporary Hit Points granted by this spell.	Отримує [1] тимчасових очок здоров’я. Якщо до завершення закляття істота влучає в ціль атакою ближнього бою, нападник зазнає колольної шкоди в кількості, що дорівнює втраченим унаслідок атаки тимчасовим очкам здоров’я. Закляття завершується достроково, якщо в цілі не лишилося наданих ним тимчасових очок здоров’я.
imperative_title	h6aa73d7cg8370gbdf1gf6e2g1f60946189a8	Gain Temporary Hit Points equal to 1d6 plus your Sorcerer level.	Отримайте тимчасові очки здоров’я в кількості 1d6 + ваш рівень чародія.
imperative_title	h55ff7bfdg1e2bg7f91gd91bge020cba01b4d	Gain 1d10 temporary hit points.	Отримайте 1d10 тимчасових очок здоров’я.
imperative_title	hab6207d6g3b79g94b6g5e02gc2006b0e62b7	Gain temporary hit points equal to 1d6 plus cleric level.	Отримайте тимчасові очки здоров’я в кількості 1d6 + рівень клірика.
imperative_title	hcae96586g10c8gb130gd9d3g93307ba9ec71	Gain a number of Temporary Hit Points equal to your Proficiency Bonus.	Отримайте тимчасові очки здоров’я в кількості, що дорівнює вашому бонусу спеціалізації.
damage_type_calque	heb8ccc52g26b4gf1c4g7dfbge1ff8af766c2	You can call on the forces of nature to reveal certain strengths and weaknesses of your prey. While a creature is marked by your Hunter's Mark, your weapon attacks ignore that creature's Resistance to Bludgeoning, Piercing, and Slashing damage.	Ви можете закликати сили природи, щоб виявити певні сильні та слабкі сторони здобичі. Поки істота позначена вашою «Міткою мисливця», ваші атаки зброєю ігнорують її стійкість до забійної, колольної та рубальної шкоди.
