term	contentuid	source	translation
spell	h3aac9e83g2f2ag85ddgcf84ge7224ea85b8b	The creature’s location is always known to the spellcaster until the spell ends. The creature can’t hide from the spellcaster, and if it has the Invisible condition, it gains no benefit from that condition against the spellcaster.	Місцезнаходження істоти завжди відоме заклиначеві до закінчення дії закляття. Істота не може сховатися від заклинача, і якщо вона має стан Невидимості, вона не отримує жодної вигоди від цього стану проти заклинача.
spell	hc89bef70gb4acgcaf4g1bd4gc4db62830233	Spell Sniper	Влучний заклинач
spell	hd2aeaec7g64f4g180fg4fc9g91918a557c3c	Bypass Cover. Your ranged spell attacks do not receive penalties from <LSTag Tooltip="HighGroundRules">High Ground Rules</LSTag>.\n\nCasting in Melee. Being within 5 feet of an enemy doesn’t impose Disadvantage on your attack rolls with spells.\n\nIncreased Range. Increase the range of spells by 50%.	Обхідна кришка. Ваші дистанційні заклинальні атаки не отримують штрафів від <LSTag Tooltip="HighGroundRules">Правила височини</LSTag>.\n\nпроказування в ближньому бою. Перебування в межах 5 футів від ворога не накладає Завад на ваші кидки атаки закляттями.\n\nЗбільшений радіус дії. Збільшити радіус дії заклять на 50%.
spell	h83a93112gc496g26f6g27f3ge5d63171ca0b	Feat: Spell Sniper (Ranged)	риса: Влучний заклинач (дальності)
spell	hdfe62e0fgf3abgc70ag0019g4af2fcfb5109	War Caster	Бойовий заклинач
spell	h70813330g91cdg841fgd506g43cca562e934	Feat: Spell Sniper (Melee)	риса: Влучний заклинач (ближній бій)
spell	he811ea2cg5f7ega90cgc208g301ddc5eb96c	Feat: War Caster	Риса: Бойовий заклинач
spell	hb6a93cc1gf0edgea86g2a35gf0e952666978	The creature suffers an additional [1] from the spellcaster. It also has <LSTag Tooltip="Disadvantage">Disadvantage</LSTag> on Strength <LSTag Tooltip="AbilityCheck">Checks</LSTag> and <LSTag Tooltip="SavingThrow">Saving Throws</LSTag>.	Істота отримує додатковий [1] від заклинача. Він також має <LSTag Tooltip="Disadvantage">Завада</LSTag> на міцність <LSTag Tooltip="AbilityCheck">Перевірки</LSTag> і <LSTag Tooltip="SavingThrow">Протидія:</LSTag>.
spell	h99a0b10fg027fga188g2137g2653a7759874	The creature suffers an additional [1] from the spellcaster. It also has <LSTag Tooltip="Disadvantage">Disadvantage</LSTag> on Dexterity <LSTag Tooltip="AbilityCheck">Checks</LSTag> and <LSTag Tooltip="SavingThrow">Saving Throws</LSTag>.	Істота отримує додатковий [1] від заклинача. Він також має <LSTag Tooltip="Disadvantage">Завада</LSTag> на Спритність <LSTag Tooltip="AbilityCheck">Перевірки</LSTag> і <LSTag Tooltip="SavingThrow">Протидія:</LSTag>.
spell	ha1b537d6gb014g4e76gdd96g37cbe829c37c	The creature suffers an additional [1] from the spellcaster. It also has <LSTag Tooltip="Disadvantage">Disadvantage</LSTag> on Constitution <LSTag Tooltip="AbilityCheck">Checks</LSTag> and <LSTag Tooltip="SavingThrow">Saving Throws</LSTag>.	Істота отримує додатковий [1] від заклинача. Він також має <LSTag Tooltip="Disadvantage">Завада</LSTag> на Статура <LSTag Tooltip="AbilityCheck">Перевірки</LSTag> і <LSTag Tooltip="SavingThrow">Протидія:</LSTag>.
spell	h85242573gb807g8f1eg76beg922d8d905e93	The creature suffers an additional [1] from the spellcaster. It also has <LSTag Tooltip="Disadvantage">Disadvantage</LSTag> on Intelligence <LSTag Tooltip="AbilityCheck">Checks</LSTag> and <LSTag Tooltip="SavingThrow">Saving Throws</LSTag>.	Істота отримує додатковий [1] від заклинача. Він також має <LSTag Tooltip="Disadvantage">Завада</LSTag> на Інтелект <LSTag Tooltip="AbilityCheck">Перевірки</LSTag> і <LSTag Tooltip="SavingThrow">Протидія:</LSTag>.
spell	h3c6667d4gfa1bgc9b9g5be0gb270c5c555d5	The creature suffers an additional [1] from the spellcaster. It also has <LSTag Tooltip="Disadvantage">Disadvantage</LSTag> on Wisdom <LSTag Tooltip="AbilityCheck">Checks</LSTag> and <LSTag Tooltip="SavingThrow">Saving Throws</LSTag>.	Істота отримує додатковий [1] від заклинача. Він також має <LSTag Tooltip="Disadvantage">Завада</LSTag> на Мудрість <LSTag Tooltip="AbilityCheck">Перевірки</LSTag> і <LSTag Tooltip="SavingThrow">Протидія:</LSTag>.
spell	h99239365g1e0eg35cfgc2edg0a2bbfb668ae	The creature suffers an additional [1] from the spellcaster. It also has <LSTag Tooltip="Disadvantage">Disadvantage</LSTag> on Charisma <LSTag Tooltip="AbilityCheck">Checks</LSTag> and <LSTag Tooltip="SavingThrow">Saving Throws</LSTag>.	Істота отримує додатковий [1] від заклинача. Він також має <LSTag Tooltip="Disadvantage">Завада</LSTag> на Харизма <LSTag Tooltip="AbilityCheck">Перевірки</LSTag> і <LSTag Tooltip="SavingThrow">Протидія:</LSTag>.
spell	hd28c4d74gd3aag5aa9g12b2g628e33edb9c9	Gain Temporary Hit Points equal to the spellcaster’s level plus their Proficiency Bonus.	Отримайте тимчасові очки здоров’я, що дорівнюють рівню заклинача плюс його бонус за майстерність.
spell	h9859bb44g3e14g4995geac2ga0aad82d5174	Prerequisite: Elf or half-elf\n\nThe accuracy of elves is legendary, especially that of elf archers and spellcasters. You have uncanny aim with attacks that rely on precision rather than brute force.\n\nWhenever you have advantage on an attack roll using Dexterity, Intelligence, Wisdom, or Charisma, you can reroll one of the dice once.	Необхідна умова: Ельф або напівельф\n\nВлучність ельфів легендарна, особливо ельфів-лучників і заклиначів. Ви маєте дивовижне прицілювання з атаками, які покладаються на точність, а не на грубу силу.\n\nЩоразу, коли ви маєте перевагу в кидку атаки за допомогою спритності, інтелекту, мудрості чи харизми, ви можете перекинути один із кубиків один раз.
spell	h0026be6dg10c9g0f95gcab2g7474991939fb	Feat: Healer\n\nThe dead magic zones of the Anauroch desert are anathema to spellcasters and monsters that rely on magic—which is exactly why you made your life there. Perhaps you’re on the run from Red Wizards, or you ran afoul of a powerful djinni in Calimshan. Whatever the case, you decided that living in Anauroch was your best option. After long months or years, you’re stronger, wiser, and armed with hard-earned knowledge of desert medicine and wasteland survival.	риса: Цілитель\n\nМертві магічні зони пустелі Анаурох є анафемою для заклиначів і монстрів, які покладаються на магію — саме тому ви живете там. Можливо, ви тікаєте від Червоних Чарівників або зіткнулися з могутнім джінні в Калімшані. У будь-якому випадку, ви вирішили, що найкращим вибором буде проживання в Анауроч. Через довгі місяці чи роки ви станете сильнішими, мудрішими й озброєні важко здобутими знаннями медицини в пустелі та виживання в пустелі.
spell	he8c36bc0g70c8g1d48g6d88g25469ebb3fda	Feat: Spellfire Spark\n\nYou bear the gift of spellfire: a rare form of magic that channels the raw power of the Weave. Wielding spellfire takes a heavy toll on the body. You’ve trained both mind and body to efficiently wield this sacred power.\n\nMagic Absorption. Once per turn, when you take damage from a spell or magical effect, you reduce the total damage taken by 1d4.\n\nSpellfire Flame. You learn the Sacred Flame cantrip. You can also cast this cantrip as a Bonus Action a number of times equal to your Proficiency Bonus, and you regain all expended uses when you finish a Long Rest.	риса: Іскра чаровогню\n\nВи володієте даром чарівного вогню: рідкісною формою магії, яка спрямовує сиру силу Плетіння. Володіння заклинальним вогнем сильно впливає на тіло. Ви навчили розум і тіло ефективно володіти цією священною силою.\n\nЧарівне поглинання. Один раз за хід, коли ви отримуєте шкоду від закляття або магічного ефекту, ви зменшуєте загальну шкоду, яку отримує 1d4.\n\nПолум'я чарівного вогню. Ви дізнаєтесь про магію Священного вогню. Ви також можете застосувати цю здатність як вторинну дію кількість разів, що дорівнює вашому бонусу спеціалізації, і ви відновите всі витрачені використання, коли завершите Довгий відпочинок.
spell	h6c0d30c6gd6bagd6f9g6ed0g7d30fcd174dd	Feat: Cold Caster	Риса: Заклинач холоду
spell	h2287dbd5gd1ffga56ag677eg771e23ed7f4c	Gain Temporary Hit Points equal to 2d6 plus the spellcaster’s Proficiency Bonus.	Отримайте тимчасові очки здоров’я, що дорівнюють 2d6, а також бонус спеціалізації заклинача.
spell	h29ab3531g02fbgac9egf6b3g45f445778cb6	Cold Caster	Холодний заклинач
spell	h848282acg476egf71fgd7feg17ed2acf814f	When you reach certain Sorcerer levels, you thereafter always have specific spells prepared. At 3rd level, you always have Cure Wounds, Guiding Bolt, Lesser Restoration, and Scorching Ray prepared. At 5th level, you also have Aura of Vitality and Counterspell prepared. At 7th level, you also have Fire Shield and Wall of Fire prepared. At 9th level, you also have Greater Restoration and Flame Strike prepared.	Коли ви досягаєте певних рівнів Чарівника, у вас завжди є підготовлені спеціальні закляття. На 3-му рівні у вас завжди є підготовлені «Лікувальні рани», «Направляючий болт», «Меньше відновлення» та «Спекучий промінь». На 5-му рівні ви також маєте підготовлену Ауру життєвої сили та Протизаклинання. На 7-му рівні у вас також є підготовлені Вогняний щит і Вогняна стіна. На 9-му рівні у вас також є підготовлені Велике Відновлення та Полум'яний Удар.
spell	h5a2f62c0g20c4g7473ge5fagb7ae81549ea5	Gain Temporary Hit Points equal to 1d4 plus spell caster's Charisma modifier.	Отримайте тимчасові очки здоров’я, що дорівнюють 1d4 плюс модифікатор Харизми заклинача.
spell	h4b3edb5dg700eg11d2gb46eg867808ec1738	Your experience in combating spellcasters grants you the following benefits.\n\nConcentration-Breaker. Whenever you make a ranged attack roll, you disrupt protective magic affecting the target and break its concentration.\n\nAntimagic Shot. When you score a Critical Hit against a target affected by your Gut Shot feature, you also impede its ability to cast spells. While the projectile remains lodged in the target, it can’t cast spells or take the Magic action.\n\nInured to Magic. When you fail a saving throw against a spell or magical effect, you can take a Reaction to roll 1d6 and add it to the result, potentially turning the failure into a success.	Ваш досвід у боротьбі з заклиначами дає вам наступні переваги.\n\nПорушник концентрації. Щоразу, коли ви робите кидок на дальню атаку, ви порушуєте захисну магію, що впливає на ціль, і порушуєте її концентрацію.\n\nАнтимагічний постріл. Коли ви отримуєте критичний удар по цілі, на яку впливає ваша особливість Постріл у живіт, ви також перешкоджаєте її здатності застосовувати закляття. Поки снаряд залишається в цілі, він не може творити закляття чи виконувати магічну дію.\n\nПривчений до магії. Якщо ви провалили кидок захисту проти закляття чи магічного ефекту, ви можете застосувати реагування, щоб кинути 1d6 і додати її до результату, потенційно перетворивши невдачу на успіх.
spell	h8993f01fgfd8fg8b11g17cdg458c682aad00	Requires Illrigger level 7 or higher.\n\nWhen you use a bonus action to place or move a seal on a Large or smaller creature, you can activate this boon (no action required). You conjure infernal chains to grasp the target, forcing them to make a Strength saving throw. On a failed save, you can either pull the creature 10 feet toward you or cause them to be grappled until the end of your next turn.	Потрібен рівень Ілріґер 7 або вище.\n\nКоли ви використовуєте вторинну дію, щоб розмістити або перемістити печатку на велику чи меншу істоту, ви можете активувати цю перевагу (діяти не потрібно). Ви заклинаєте пекельні ланцюги, щоб схопити ціль, змушуючи її зробити кидок протидії Сили. У разі невдалого збереження ви можете підтягнути істоту на 10 футів до себе або змусити її схопити до кінця вашого наступного ходу.
spell	h00467a34g3b88g453cg081eg6e394afa8e61	The blood-knights of Hell, Sanguine Knights serve Sutekh, Lord of Blood. Their sorceries drain their enemies’ life force, pouring this stolen vitality into infernal rituals to turn the tide of battle.\n\nSutekh rules Naraka, the City of Blood. Recognized as the greatest sorcerer in hell, he carries the title of High Sanguinary and rules from the Temple of Vitality. He is a master of blood magic, and his inner circle of priests and wizards are the Bloodliches, undead spellcasters whose corporeal forms turned to ash centuries ago and whose bodies are crafted from solid blood.\n\nSutekh’s illriggers all belong to a cult known as the Chalice of Vitality. Knights of the Chalice drink deeply of their enemies’ essence, draining it to power their magics. Other members of the Order of Desecration fear that the Sanguine Knights seek more than Sutekh’s mere ascension to the Throne of Hell; some whisper that the Chalice secretly schemes to make Sutekh a god. This would, of course, be treason.	Криваві лицарі пекла, сангвініки, служать Сутеху, Володарю крові. Їхнє чаклунство виснажує життєву силу ворогів, вливаючи цю вкрадену життєву силу в пекельні ритуали, щоб змінити хід битви.\n\nСутех править Наракою, містом крові. Визнаний найбільшим чаклуном у пеклі, він носить титул Вищого кровного і править із Храму Життєвості. Він є майстром магії крові, а його близьке коло священиків і чарівників — Кроволічі, заклиначі нежиті, чиї тілесні форми перетворилися на попіл багато століть тому, а тіла створені з суцільної крові.\n\nУсі іллригери Сутеха належать до культу, відомого як Чаша Життєвості. Лицарі чаші глибоко п’ють сутність своїх ворогів, виснажуючи її, щоб посилити свою магію. Інші члени Ордену Осквернення побоюються, що Лицарі Сангвініки прагнуть чогось більшого, ніж просто вознесіння Сутеха на Престол Пекла; деякі шепочуть, що Чаша таємно планує зробити Сутеха богом. Це, звичайно, було б державною зрадою.
spell	hd22a1ff8gaca7gd01cg610fgbe3a8ed48875	Starting at 3rd level, you always have certain spells prepared when you reach specific levels in this class. These spells count as artificer spells for you, but they do not count against the number of artificer spells you can prepare. At 3rd level, you gain Heroism and Shield. At 5th level, you gain Branding Smite and Warding Bond. At 9th level, you gain Aura of Vitality and Conjure Barrage.	Починаючи з 3-го рівня, у вас завжди є підготовлені певні закляття, коли ви досягаєте певних рівнів у цьому класі. Ці закляття вважаються для вас закляттями ремісника, але вони не зараховуються до кількості заклять ремесла, які ви можете підготувати. На 3-му рівні ви отримуєте героїзм і щит. На 5-му рівні ви отримуєте Ганебна кара і Захисний зв'язок. На 9-му рівні ви отримуєте ауру життєвої сили та заклинаєте шквал.
spell	h87d3e26ag5e53gdf92g801cg4e8c26aac78e	War Caster: Booming Blade	Бойовий заклинач: Громовий клинок
spell	ha738254bg5dbag724ag511ag8d59cf1fed09	War Caster: Green-Flame Blade	Бойовий заклинач: Клинок зеленого полум’я
spell	h7e0866bbgdec1g07c2g7725gef3c6eb68247	War Caster: True Strike	Бойовий заклинач: Певний удар
spell	h664f7fdag1793g4256gd73cga50bae7c538a	War Caster: Vengeful Blade	Бойовий заклинач: Мстивий клинок
spell	h67a39d88g2da4ga80bg2675g4c2a3e61a8ce	War Caster: Shocking Grasp	Бойовий заклинач: Шоковий хват
spell	h4336900ag6e5egc73bgadb8g0a8300eeb536	The magic of your patron ensures you always have certain spells prepared. When you reach a Warlock level specified in the Hexblade Spells table, you thereafter always have the listed spells prepared. At 3rd level, you learn Arcane Vigor, Hex, Magic Weapon, Shield, Wrathful Smite. At 5th level, you learn Bestow Curse and Conjure Barrage. At 7th level, you learn Freedom of Movement, Staggering Smite. At 9th level, you learn Steel Wind Strike.	Магія вашого покровителя гарантує, що у вас завжди будуть підготовлені певні закляття. Коли ви досягаєте рівня чаклуна, зазначеного в таблиці заклять Відьомський клинок, у вас завжди будуть підготовлені закляття з переліку. На 3-му рівні ви вивчаєте Містична бадьорість, Прокляття, Магічна зброя, Щит, Гнівна кара. На 5-му рівні ви навчитеся Дарувати прокляття та Заклинати шквал. На 7-му рівні ви вивчаєте свободу пересування, хитаючий удар. На 9-му рівні ви вивчаєте Удар сталевого вітру.
spell	h6b8ec4b1g6350g0a0ag1d7dgc74d66ad8dd7	At 3rd level, you learn Arcane Vigor, Hex, Magic Weapon, Shield, Wrathful Smite. At 5th level, you learn Bestow Curse and Conjure Barrage. At 7th level, you learn Freedom of Movement, Staggering Smite. At 9th level, you learn Steel Wind Strike.	На 3-му рівні ви вивчаєте Містична бадьорість, Прокляття, Магічна зброя, Щит, Гнівна кара. На 5-му рівні ви вчитеся Дарувати прокляття та Заклинати шквал. На 7-му рівні ви вивчаєте свободу пересування, хитаючий удар. На 9-му рівні ви вивчаєте Удар сталевого вітру.
spell	hd98d7d87g77cegbc88gd214g64ac7bacec24	Your connection to this divine domain ensures you always have certain spells ready. When you reach a Cleric level specified in the Mind Domain Spells table, you thereafter always have the listed spells prepared. At 3rd level they learn Command, Detect Thoughts, Dissonant Whispers, and Mind Spike; at 5th level, Counterspell and Fear; at 7th level, Confusion and Phantasmal Killer; and at 9th level, Synaptic Static and Telekinesis.	Ваш зв’язок із цим божественним доменом гарантує, що у вас завжди будуть готові певні закляття. Коли ви досягаєте рівня клірика, зазначеного в таблиці «Закляття сфери розуму», у вас завжди є підготовлені закляття з переліку. На 3-му рівні вони вивчають командування, виявлення думок, дисонансний шепіт і хвилювання розуму; на 5-му рівні, Протизаклинання і Страх; на 7-му рівні Плутанина і Фантазмічний Вбивця; а на 9-му рівні — синаптична статика та телекінез.
spell	h793cd839gb6abg5b14g2409gcd0bd8f9ce42	At 3rd level they learn Command, Detect Thoughts, Dissonant Whispers, and Mind Spike; at 5th level, Counterspell and Fear; at 7th level, Confusion and Phantasmal Killer; and at 9th level, Synaptic Static and Telekinesis.	На 3-му рівні вони вивчають командування, виявлення думок, дисонансний шепіт і хвилювання розуму; на 5-му рівні, Протизаклинання і Страх; на 7-му рівні Плутанина і Фантазмічний Вбивця; а на 9-му рівні — синаптична статика та телекінез.
spell	h947e61d6g7b1fg7654gbc73g3ec51f29fd5a	This creature's mind has been bent to its caster's will and obeys their commands without question. The effect ends when the caster finishes a <LSTag Tooltip="LongRest">Long Rest</LSTag>.	Розум цієї істоти підпорядкований волі заклинача та беззаперечно підкоряється їхнім наказам. Ефект закінчується, коли заклинач закінчує <LSTag Tooltip="LongRest">Довгий відпочинок</LSTag>.
