uid	english	current_ukrainian	official_bg3_ukrainian	spell_entries
ha4ade769g56f1g989dg4a5dgc980f0453d08	Abjure Foes	Зректися ворогів		Target_AbjureFoes;Target_AbjureFoes_1;Target_AbjureFoes_2;Target_AbjureFoes_3;Target_AbjureFoes_4;Target_AbjureFoes_5;Target_AbjureFoes_6
h54a6679dg10f0g981egf460g55ffbc1cfcaf	Abjure the Extraplanar	Відмовтеся від екстрапланарного		Shout_AbjureTheExtraplanar
hf7c771bbgba46g05a3g6c15g9c7c4ebba6b6	Absorb Elements	Поглинання стихій	Поглинання стихій	Shout_AbsorbElements;Shout_AbsorbElements_2;Shout_AbsorbElements_3;Shout_AbsorbElements_4;Shout_AbsorbElements_5;Shout_AbsorbElements_6;Shout_AbsorbElements_Dummy
h2f0d1be4g0c48gc8dag5d46gb63613816d4b	Acid Blood	Кисла кров		Shout_Mutations_AcidBlood
h27836587g410fg18dbg70f1g00b3cfa0c1c9	Activate Enervation	Активуйте Виснаження		Shout_Enervation;Shout_Enervation_6
hfb4b4347g41f8gc00fg03eagf4da78649103	Acumen	Кмітливість		Shout_Mutations_Acumen
hf861876fg4ca8gf9c0g6492g1bb8a0a92ebb	Adrenaline Rush	Приплив адреналіну	Приплив адреналіну	Shout_AdrenalineRush
haac8d098g36f5gfad0g0c19g710686be3050	Aganazzar's Scorcher	Спекотник Аганазара		Zone_AganazzarsScorcher;Zone_AganazzarsScorcher_3;Zone_AganazzarsScorcher_4;Zone_AganazzarsScorcher_5;Zone_AganazzarsScorcher_6;Zone_AganazzarsScorcher_spellscroll
h16eb0ddag455fgabbag65b4g954af483e6b1	Agile Strikes	Спритні удари		Target_AgileStrike
he6319c8dga9bagd985gfc80gc057d99c3f06	Aid	Поміч	Поміч	Target_Aid;Target_Aid_3;Target_Aid_4;Target_Aid_5;Target_Aid_6;Target_Aid_spellscroll
h3475c9ecg2cbcge436gbedfg439982b16a38	All Will Be Dust	Все стане прахом		Target_AllWillBeDust
hf5433434g6271ge302gedbbg79fd7c7dccbb	Arcane Alchemy	Таємна алхімія		Shout_EE_Resource_1;Shout_EE_Resource_2;Shout_EE_Resource_3;Shout_EE_Resource_4;Shout_EE_Resource_5;Shout_EE_Resource_6
h1e350658g92b2g40abg4e13g0a0194995e34	Arcane Vigor	Таємнича сила		Shout_ArcaneVigor
h61c3e42cg02b0g7f38gda65gdc3642939a49	Arcane Vigor: D10	Таємнича сила: D10		Shout_ArcaneVigor10;Shout_ArcaneVigor10_3;Shout_ArcaneVigor10_4;Shout_ArcaneVigor10_5;Shout_ArcaneVigor10_6
h2c125804g85eegc3ecgdd44g25edc8c0bb5c	Arcane Vigor: D12	Таємнича сила: D12		Shout_ArcaneVigor12;Shout_ArcaneVigor12_3;Shout_ArcaneVigor12_4;Shout_ArcaneVigor12_5;Shout_ArcaneVigor12_6
h87a45194g95b7g00ceg2f9eg6c288ed38884	Arcane Vigor: D6	Таємнича сила: D6		Shout_ArcaneVigor6;Shout_ArcaneVigor6_3;Shout_ArcaneVigor6_4;Shout_ArcaneVigor6_5;Shout_ArcaneVigor6_6
hebba7f87g6370g87ceg8319g29430a465253	Arcane Vigor: D8	Таємнича сила: D8		Shout_ArcaneVigor8;Shout_ArcaneVigor8_3;Shout_ArcaneVigor8_4;Shout_ArcaneVigor8_5;Shout_ArcaneVigor8_6
h916a21e8gd025g4c4eg788agd117ac8d425a	Armor Model	Модель броні		Shout_ArmorModel
h6f23bbc7ga5a4gcc3dgd44eg45b750c2f618	Armor of the Faithful	Обладунки вірних		Target_ArmorOfTheFaithful
hefff3653g8439g5d57g7610g02ccec1105b6	Ashardalon's Stride	Крок Ашардалона		Shout_AshardalonsStride;Shout_AshardalonsStride_4;Shout_AshardalonsStride_5;Shout_AshardalonsStride_6;Shout_AshardalonsStride_spellscroll
hcaaac561g47fbgc64dga290gc1f58fa033fa	Astral Flood	Астральний потоп		Zone_AstralFlood;Zone_AstralFlood_Cold;Zone_AstralFlood_Cold_4;Zone_AstralFlood_Cold_5;Zone_AstralFlood_Cold_6;Zone_AstralFlood_Radiant;Zone_AstralFlood_Radiant_4;Zone_AstralFlood_Radiant_5;Zone_AstralFlood_Radiant_6;Zone_AstralFlood_spellscroll
h109e64a1gcfdeg5849g6011g2589d481fc32	Aura of Conquest	Аура завоювань	Аура завоювань	Shout_AuraOfConquest
h06e857edg3356g18f5gad4dge59b7d353e05	Aura of Vitality	Аура життєвої сили		Shout_AuraOfVitality;Shout_AuraOfVitality_spellscroll
hcd295819g3730gdba8g00feg2eb175ed488a	Aura of Vitality	Аура життєвої сили		Shout_AuraOfVitality_4
h10f0c6e7g3eeeg6cabg6a7bg95d88196fabb	Aura of Vitality	Аура життєвої сили		Shout_AuraOfVitality_5
hc1029c6cgd7aeg2b99gd806g90045f611089	Aura of Vitality	Аура життєвої сили		Shout_AuraOfVitality_6
hfefb5384gcdb9g70a3g4fd3g5796fed23526	Awaken	Пробудження	Пробудження	Target_Awaken;Target_Awaken_6;Target_Awaken_spellscroll
h7282e855ge2c0g4f40gc42bgdec458d13ad3	Ballistic Smite	Балістичний удар		Projectile_BallisticSmite
h55e5be08g5ff7g2cf9g5dabg5964e7cfef5a	Ballistic Smite: Acid	Балістичний удар: кислота		Projectile_BallisticSmite_Acid;Projectile_BallisticSmite_Acid_2;Projectile_BallisticSmite_Acid_3;Projectile_BallisticSmite_Acid_4;Projectile_BallisticSmite_Acid_5;Projectile_BallisticSmite_Acid_6;Projectile_BallisticSmite_spellscroll
h40f147a8g98d2gb22dg8665g35bdab166d32	Ballistic Smite: Cold	Балістичний удар: Холод		Projectile_BallisticSmite_Cold;Projectile_BallisticSmite_Cold_2;Projectile_BallisticSmite_Cold_3;Projectile_BallisticSmite_Cold_4;Projectile_BallisticSmite_Cold_5;Projectile_BallisticSmite_Cold_6
hbdc42068gbee7gfa65g006egbbd103dbaeae	Ballistic Smite: Fire	Балістичний удар: вогонь		Projectile_BallisticSmite_Fire;Projectile_BallisticSmite_Fire_2;Projectile_BallisticSmite_Fire_3;Projectile_BallisticSmite_Fire_4;Projectile_BallisticSmite_Fire_5;Projectile_BallisticSmite_Fire_6
h96c1b9f4g4877g6b3eg89e6gff5592637883	Ballistic Smite: Lightning	Балістичний удар: блискавка		Projectile_BallisticSmite_Lightning;Projectile_BallisticSmite_Lightning_2;Projectile_BallisticSmite_Lightning_3;Projectile_BallisticSmite_Lightning_4;Projectile_BallisticSmite_Lightning_5;Projectile_BallisticSmite_Lightning_6
hafc90845gfef4gbcabg21e1g4b507cd3aea3	Ballistic Smite: Poison	Балістичний удар: отрута		Projectile_BallisticSmite_Poison;Projectile_BallisticSmite_Poison_2;Projectile_BallisticSmite_Poison_3;Projectile_BallisticSmite_Poison_4;Projectile_BallisticSmite_Poison_5;Projectile_BallisticSmite_Poison_6
h56c89b94g9c5cg3e99g2ac5gc5f4723f0a66	Ballistic Smite: Thunder	Балістичний удар: Грім		Projectile_BallisticSmite_Thunder;Projectile_BallisticSmite_Thunder_2;Projectile_BallisticSmite_Thunder_3;Projectile_BallisticSmite_Thunder_4;Projectile_BallisticSmite_Thunder_5;Projectile_BallisticSmite_Thunder_6
h37aa6b9dgff7fg4b1bgab52g38d4828960cd	Balm of the Summer Court	Бальзам літнього двору		Target_Balm;Target_Balm_1;Target_Balm_2;Target_Balm_3;Target_Balm_4;Target_Balm_5;Target_Balm_6
hf99f0430gcf80g65cag1938ge75ef3c48bfe	Bastion of Law	Бастіон Закону		Target_BastionOfLaw;Target_BastionOfLaw_1;Target_BastionOfLaw_2;Target_BastionOfLaw_3;Target_BastionOfLaw_4;Target_BastionOfLaw_5
h7a075b74g69cagbeefg56f7gb257dbe077ac	Battle Medic	Бойовий медик		Target_BattleMedic
h569e85b3g31adg3b7dg3caege2af37212ff0	Beak	Дзьоб		Target_Beak_Raven_Summon_BeastMaster
he30a14f7gb323g888eg2ff5g04b0a7374497	Beguiling Magic: Charmed	Зваблива магія: причарування		Target_BeguilingMagic_Charmed
haac5a803g73dfg5282g175eg12c90e9a77cd	Beguiling Magic: Frightened	Зваблива магія: переляк		Target_BeguilingMagic_Frightend
hd7230d6bg2475g7ee0gd19eg41d41b35912b	Bestow Curse	Накладання прокляття	Накладання прокляття	Target_BestowCurse;Target_BestowCurse_4;Target_BestowCurse_5;Target_BestowCurse_6;Target_BestowCurse_spellscroll
h11d7d8f1g23a0gf9a4gf2a3ge05280ee0ccb	Bestow Curse: Additional Damage	Накладання прокляття: додаткова шкода	Накладання прокляття: додаткова шкода	Target_BestowCurse_ExtraDamage;Target_BestowCurse_ExtraDamage_4;Target_BestowCurse_ExtraDamage_5;Target_BestowCurse_ExtraDamage_6
h18946b2fg2799g5d8cg1191ga2ad1070c791	Bestow Curse: Attack Disadvantage	Накладання прокляття: завада атаці	Накладання прокляття: завада атаці	Target_BestowCurse_Attack;Target_BestowCurse_Attack_4;Target_BestowCurse_Attack_5;Target_BestowCurse_Attack_6
h48d03ba3g804fg652dg12b7g4a3946dd70bb	Bestow Curse: Charisma Disadvantage	Накладання прокляття: завада харизмі	Накладання прокляття: завада харизмі	Target_BestowCurse_Ability_Charisma;Target_BestowCurse_Ability_Charisma_4;Target_BestowCurse_Ability_Charisma_5;Target_BestowCurse_Ability_Charisma_6
h2b722fa9ge1fcgdec8gaf5ag936948724f78	Bestow Curse: Constitution Disadvantage	Накладання прокляття: завада статурі	Накладання прокляття: завада статурі	Target_BestowCurse_Ability_Constitution;Target_BestowCurse_Ability_Constitution_4;Target_BestowCurse_Ability_Constitution_5;Target_BestowCurse_Ability_Constitution_6
h44e7ec16gb1b1g3723g68a5gbfb6ea5ffd15	Bestow Curse: Dexterity Disadvantage	Накладання прокляття: завада спритності	Накладання прокляття: завада спритності	Target_BestowCurse_Ability_Dexterity;Target_BestowCurse_Ability_Dexterity_4;Target_BestowCurse_Ability_Dexterity_5;Target_BestowCurse_Ability_Dexterity_6
h7857474dg4e6bgab4cgc9c8g1f39398bde4c	Bestow Curse: Dread	Накладання прокляття: жах	Накладання прокляття: жах	Target_BestowCurse_SkipTurn;Target_BestowCurse_SkipTurn_4;Target_BestowCurse_SkipTurn_5;Target_BestowCurse_SkipTurn_6
hda9ed1dagfaa2ge452g0aa6g30341cf8bef5	Bestow Curse: Intelligence Disadvantage	Накладання прокляття: завада інтелекту	Накладання прокляття: завада інтелекту	Target_BestowCurse_Ability_Intelligence;Target_BestowCurse_Ability_Intelligence_4;Target_BestowCurse_Ability_Intelligence_5;Target_BestowCurse_Ability_Intelligence_6
ha29f6dc9gfcf4g2493g23cbg8a60b97c11b0	Bestow Curse: Strength Disadvantage	Накладання прокляття: завада силі	Накладання прокляття: завада силі	Target_BestowCurse_Ability_Strength;Target_BestowCurse_Ability_Strength_4;Target_BestowCurse_Ability_Strength_5;Target_BestowCurse_Ability_Strength_6
hb6067f83ga83eg2305g1b53geefaa2c43f57	Bestow Curse: Wisdom Disadvantage	Накладання прокляття: завада мудрості	Накладання прокляття: завада мудрості	Target_BestowCurse_Ability_Wisdom;Target_BestowCurse_Ability_Wisdom_4;Target_BestowCurse_Ability_Wisdom_5;Target_BestowCurse_Ability_Wisdom_6
h93c42699gb5efg50eeg700ag91b482874bb9	Bind Pact Weapon (Necrotic Damage)	Зброя зв'язування договору (некротична шкода)		Shout_PactOfTheBlade_Bind_2
hbe8ae593g19c8gc31cg51cdg845945c5b41b	Bind Pact Weapon (Psychic Damage)	Зброя зв'язування договору (психічна шкода)		Shout_PactOfTheBlade_Bind_3
h8697b53cg246dg4397g9db8gc35b4035bc5b	Bind Pact Weapon (Radiant Damage)	Зброя Скріпити пакт (Променева шкода)		Shout_PactOfTheBlade_Bind_4
h9b257208g4458gc4b6g1ebbg7a1d4529bb88	Bite	Укус	Укус	Target_Bite_GiantSpider_Summon
h6b1ff425g01e1g1fa1g447fgc2100804a296	Bite	Укус	Укус	Target_Bite_Wolf_Summon
hb1ace68ega6a4gd1e5g3bb4g470b754bbd3b	Bite the Bullet	Зціпити зуби		Shout_BiteTheBullet
he7ab672fgb558g9a55g2482gc3f14b08385f	Blessing of the Forge: Magic Armor	Благословення кузні: чарівна броня		Target_BlessingOfTheForge_Armor
hcfc31e88g634cg3791g5bd4g069de9d3afa9	Blessing of the Forge: Magic Weapon	Благословення кузні: магічна зброя		Target_BlessingOfTheForge
ha16f58efga1b2gc6a6g85fdg6414a27e6567	Blessing of the Forge: Magic Weapon	Благословення кузні: магічна зброя		Target_BlessingOfTheForge_Weapon
h97618a1dg57f7g2acfg001dg5ba785249fde	Blessings of Moonlight	Благословення місячного світла		Target_BlessingsOfMoonlight
h954e64afgfcbegba5ag9418g03aeba64afba	Blindfire	Сліпий вогонь		Shout_Blindfire
hac2038b1g27f4g7096gf7e6ga4a86b7083cd	Blood Bolt	Стріла крові		Projectile_BloodBolt;Projectile_BloodBolt_spellscroll
h36f0d51cg768fg6fcegfd4cg9f24f3efb0a1	Bloodthirst	Жага крові	Жага крові	Projectile_Bloodthirst
h68cc0961gb6ceg3e67g1ae5g31162e46016b	Body Warping of Gorgoroth	Викривлення тіла Горгорота		Target_BodyWarpingOfGorgoroth;Target_BodyWarpingOfGorgoroth_2;Target_BodyWarpingOfGorgoroth_3;Target_BodyWarpingOfGorgoroth_4;Target_BodyWarpingOfGorgoroth_5;Target_BodyWarpingOfGorgoroth_6;Target_BodyWarpingOfGorgoroth_spellscroll
h33522f06g6cadgaee9g398eg0bd52adb964b	Bolstering Flames	Підтримуючи полум'я		Target_SpellFireBurst_1
h050df7b2g8c27g43c0gc832gd1b72e8dab9b	Bolstering Touch	Зміцнюючий дотик		Target_SummonCelestial_BolsteringTouch
ha82b5e6dgb4b1gb2a1g8b53g475515ffec20	Booming Blade	Гуркітливе лезо	Гуркітливе лезо	Target_BoomingBlade_ClassSpell;Target_BoomingBlade_ClassSpell_spellscroll
hc8de1446g6777ge942g7572g5cd9d6cc8f14	Boot of the Giants	Велетів копняк	Велетів копняк	Target_BootOfTheGiants
h886aaa36gd8ecg34edg11dbga02b0ae1f0f9	Bound Weapon: Primary	Прив'язана зброя: Основна		Shout_WeaponBond_1
h70efd6b7g4433g80c7g7ceeg246f811e2c7c	Bound Weapon: Secondary	Прив'язана зброя: вторинна		Shout_WeaponBond_2
h0742adb9g8528gcb3ag3596ge883d9faa6ab	Branches of the Tree	Гілки дерева		Target_BranchesOfTheTree
hb5de1336geb7cg937fg5ba9g13226b34f6df	Breath Weapon	Дихальна зброя		Zone_BreathWeapon_DragonShape
hecedcd5eg3f81g2638g3af5gefcca2c219fb	Burning Seals: Fire	Палаючі печатки: вогонь		Target_BurningSeals_Fire
hfca57e47ged90g177fgfc94gdd2a6f69f1a8	Burning Seals: Necrotic	Пекучі ущільнення: некротичні		Target_BurningSeals_Necrotic
h189c7c23gc92fg05ccg593egcb14bf67243c	Cacophonic Shield	Какофонічний щит		Shout_CacophonicShield;Shout_CacophonicShield_4;Shout_CacophonicShield_5;Shout_CacophonicShield_6;Shout_CacophonicShield_spellscroll
hff8c3953ga42fgb3bfgdad0g52582466fdd5	Catapult	Катапульта		Projectile_Catapult;Projectile_Catapult_2;Projectile_Catapult_3;Projectile_Catapult_4;Projectile_Catapult_5;Projectile_Catapult_6;Projectile_Catapult_spellscroll
h482a7463gb3a7g35cfgba9fg3f522b1db925	Celestial Resilience	Небесна стійкість		Shout_CelestialResilience
h30e3e09dgcb39g8c25g0d8egb9b774233e0b	Celestial Revelation	Небесне Одкровення		Shout_CelestialRevelation
h53541f0cg04a1g112bge21dg808b86467f1d	Chains of Judgement	Ланцюги суду		Target_ChainsOfJudgement
h3b3b4882g56f7g12dag4b9fgcf25e36c625d	Charge	Ривок	Ривок	Rush_Rush_Boar_Summon
h679a5d3cgea36g8caagcfd7gebbdee910cc1	Charger: Unarmed Attack	Зарядний пристрій: атака без зброї		Rush_Charger_Attack_Unarmed
hd678ff27gf310g1345ge315g9600ee9eb47f	Chromatic Orb	Хроматична куля	Хроматична куля	Projectile_ChromaticOrb;Projectile_ChromaticOrb_BookOfAncientSecrets;Projectile_ChromaticOrb_spellscroll
h4872fd6fg03e8g3270gef5eg17b2579e7b54	Chromatic Orb: Acid	Хроматична куля: кислота	Хроматична куля: кислота	Projectile_ChromaticOrb_Acid;Projectile_ChromaticOrb_Acid_0;Projectile_ChromaticOrb_Acid_2;Projectile_ChromaticOrb_Acid_3;Projectile_ChromaticOrb_Acid_4;Projectile_ChromaticOrb_Acid_5;Projectile_ChromaticOrb_Acid_6;Projectile_ChromaticOrb_Acid_BookOfAncientSecrets
hfa1c18cdgeabfg85efg3a71gd46ceebc5ade	Chromatic Orb: Cold	Хроматична куля: холод	Хроматична куля: холод	Projectile_ChromaticOrb_Cold;Projectile_ChromaticOrb_Cold_0;Projectile_ChromaticOrb_Cold_2;Projectile_ChromaticOrb_Cold_3;Projectile_ChromaticOrb_Cold_4;Projectile_ChromaticOrb_Cold_5;Projectile_ChromaticOrb_Cold_6;Projectile_ChromaticOrb_Cold_BookOfAncientSecrets
h474abec9g9b82g3768gcbe8g52802bbfa5bb	Chromatic Orb: Fire	Хроматична куля: вогонь	Хроматична куля: вогонь	Projectile_ChromaticOrb_Fire;Projectile_ChromaticOrb_Fire_0;Projectile_ChromaticOrb_Fire_2;Projectile_ChromaticOrb_Fire_3;Projectile_ChromaticOrb_Fire_4;Projectile_ChromaticOrb_Fire_5;Projectile_ChromaticOrb_Fire_6;Projectile_ChromaticOrb_Fire_BookOfAncientSecrets
h33d569dfgf7b9g9c83gb501g45f35a97b5ad	Chromatic Orb: Lightning	Хроматична куля: блискавка	Хроматична куля: блискавка	Projectile_ChromaticOrb_Lightning;Projectile_ChromaticOrb_Lightning_0;Projectile_ChromaticOrb_Lightning_2;Projectile_ChromaticOrb_Lightning_3;Projectile_ChromaticOrb_Lightning_4;Projectile_ChromaticOrb_Lightning_5;Projectile_ChromaticOrb_Lightning_6;Projectile_ChromaticOrb_Lightning_BookOfAncientSecrets
h4bf024c1gf01fg22f3g2229gbb7c9750d10b	Chromatic Orb: Poison	Хроматична куля: отрута	Хроматична куля: отрута	Projectile_ChromaticOrb_Poison;Projectile_ChromaticOrb_Poison_0;Projectile_ChromaticOrb_Poison_2;Projectile_ChromaticOrb_Poison_3;Projectile_ChromaticOrb_Poison_4;Projectile_ChromaticOrb_Poison_5;Projectile_ChromaticOrb_Poison_6;Projectile_ChromaticOrb_Poison_BookOfAncientSecrets
hb2960ca9g49d7g3639g1356g1d818e28a64a	Chromatic Orb: Thunder	Хроматична куля: грім	Хроматична куля: грім	Projectile_ChromaticOrb_Thunder;Projectile_ChromaticOrb_Thunder_0;Projectile_ChromaticOrb_Thunder_2;Projectile_ChromaticOrb_Thunder_3;Projectile_ChromaticOrb_Thunder_4;Projectile_ChromaticOrb_Thunder_5;Projectile_ChromaticOrb_Thunder_6;Projectile_ChromaticOrb_Thunder_BookOfAncientSecrets
hd212fcfagf0edg6619ga792g36f58b10cd9d	Circle of Power	Коло Сили		Shout_CircleOfPower;Shout_CircleOfPower_6;Shout_CircleOfPower_spellscroll
h571a7b7dg53fbg6786ge07dg6b9749737b6d	Circle of the Land Spells	Закляття Кола землі		Shout_CircleOfTheLandSpells
h60146c67g6a55gece0g343eg45527c9e429a	Circle of the Land Spells: Arid Land	Закляття Кола землі: посушливі землі		Shout_CircleOfTheLandSpells_1
hd1d44523g69ccgf313g036bga0c866484988	Circle of the Land Spells: Polar Land	Закляття Кола землі: полярні землі		Shout_CircleOfTheLandSpells_2
hc4166e3bg3c8fgd921g84f9g8a343922a258	Circle of the Land Spells: Temperate Land	Закляття Кола землі: помірні землі		Shout_CircleOfTheLandSpells_3
h4c72b567g1ff6gde9ag626fg50843dbe309d	Circle of the Land Spells: Tropical Land	Закляття Кола землі: тропічні землі		Shout_CircleOfTheLandSpells_4
h8d0f6247g32e9g935cg8e24g277269d5eee0	Circle of the Moon Spells	Закляття Кола місяця		Shout_WildShape_Combat_Heal
hc9492c94g19bfg3230gbfc3g6cf10c6d02e5	Cloak of Shadow	Плащ тіні		Shout_CloakOfShadow;Shout_CloakOfShadow_2;Shout_CloakOfShadow_3;Shout_CloakOfShadow_4;Shout_CloakOfShadow_5;Shout_CloakOfShadow_6;Shout_CloakOfShadow_spellscroll
h3f315172g0ecag6f6ag14c9g3d5db880a811	Cloud of Daggers	Хмара кинджалів	Хмара кинджалів	Target_CloudOfDaggers;Target_CloudOfDaggers_3;Target_CloudOfDaggers_4;Target_CloudOfDaggers_5;Target_CloudOfDaggers_6;Target_CloudOfDaggers_spellscroll
ha3ae348eg0eb0g144cg4147g0d99a9d60eaa	Cloud Strike	Хмарний удар		Shout_StrikeOfTheGiantsSelect_Cloud
h423aa2bdgc981gde37g9921g76d99865cb47	Cloud’s Jaunt	Хмарна прогулянка		Target_CloudsJaunt
h5d9a446dg2ff8g3030g019ag9d39f2044e8a	Colossus Slayer	Убивця колосів	Убивця колосів	Shout_HuntersPrey_ColossusSlayer
hddcc10f2gfedfg2db7g09f0g30494e6b25b9	Colour Spray	Барвистий пирск	Барвистий пирск	Zone_ColorSpray;Zone_ColorSpray_4;Zone_ColorSpray_5;Zone_ColorSpray_6;Zone_ColorSpray_spellscroll
h26b3432cgad7cgf53ag486dg94a645b313b6	Colour Spray	Барвистий пирск	Барвистий пирск	Zone_ColorSpray_3
h8071e9a3ge1f2gc3ceg9e5cgfe38c1049dda	Colour Spray	Барвистий пирск	Барвистий пирск	Zone_ColorSpray_2
h2e981e1agea92gf303gbd58g40778c39d1a0	Command	Command	Наказ	Target_Command_Container;Target_Command_Container_2;Target_Command_Container_3;Target_Command_Container_4;Target_Command_Container_5;Target_Command_Container_6;Target_MAG_Command_Container
h1aad8c1fg361agaeccg2052g886596475c71	Command: Approach	Наказ: підійти	Наказ: підійти	Target_Command_Approach;Target_Command_Approach_2;Target_Command_Approach_2_AI;Target_Command_Approach_3;Target_Command_Approach_3_AI;Target_Command_Approach_4;Target_Command_Approach_4_AI;Target_Command_Approach_5;Target_Command_Approach_5_AI;Target_Command_Approach_6;Target_Command_Approach_6_AI;Target_MAG_Command_Approach
h62c20d37gbc3eg8a0agce13g93a1af442c37	Command: Drop	Наказ: кинути	Наказ: кинути	Target_Command_Drop;Target_Command_Drop_2;Target_Command_Drop_2_AI;Target_Command_Drop_3;Target_Command_Drop_3_AI;Target_Command_Drop_4;Target_Command_Drop_4_AI;Target_Command_Drop_5;Target_Command_Drop_5_AI;Target_Command_Drop_6;Target_Command_Drop_6_AI;Target_MAG_Command_Drop
h06e44f53g108ag0c88g6e39g3ed51371b74c	Command: Flee	Наказ: тікати	Наказ: тікати	Target_Command_Flee;Target_Command_Flee_2;Target_Command_Flee_2_AI;Target_Command_Flee_3;Target_Command_Flee_3_AI;Target_Command_Flee_4;Target_Command_Flee_4_AI;Target_Command_Flee_5;Target_Command_Flee_5_AI;Target_Command_Flee_6;Target_Command_Flee_6_AI;Target_MAG_Command_Flee
hd931bfa1g19c2g9666g6536gc1cace368615	Command: Grovel	Наказ: лежати	Наказ: лежати	Target_Command_Grovel;Target_Command_Grovel_2;Target_Command_Grovel_2_AI;Target_Command_Grovel_3;Target_Command_Grovel_3_AI;Target_Command_Grovel_4;Target_Command_Grovel_4_AI;Target_Command_Grovel_5;Target_Command_Grovel_5_AI;Target_Command_Grovel_6;Target_Command_Grovel_6_AI;Target_MAG_Command_Grovel
he43c6e06g10c8g5acfgdff0g03b51d7b5fc1	Command: Halt	Наказ: стояти	Наказ: стояти	Target_Command_Halt;Target_Command_Halt_5;Target_Command_Halt_5_AI;Target_Command_Halt_6;Target_Command_Halt_6_AI;Target_Command_Halt_NPC;Target_Command_spellscroll;Target_MAG_Command_Halt
h62cff8cage7beg5924gfdcag36adfb6e59db	Command: Halt	Наказ: стояти	Наказ: стояти	Target_Command_Halt_2;Target_Command_Halt_2_AI;Target_Command_Halt_4;Target_Command_Halt_4_AI
h3383897fg0d52g3610ga0acg1e6c8127185a	Command: Halt	Наказ: стояти	Наказ: стояти	Target_Command_Halt_3;Target_Command_Halt_3_AI
h71081eb5g3790g2aa9g3de0g457518c610e4	Commander's Strike	Наказ командувача	Наказ командувача	Projectile_CommanderStrike_Attack_D8
h5b521bc0g991ag1509g1532g7a7432c14232	Cone of Cold	Конус холоду	Конус холоду	Zone_ConeOfCold;Zone_ConeOfCold_6;Zone_ConeOfCold_spellscroll
h8b1d72d3gf86ag8352gbc15ga4b6db6acf02	Conflagrant Channel	Пожежний канал		Target_ConflagrantChannel
ha1f46ec6g425egaef3g8a83g4a20db310dd5	Conjure Celestial	Закляття Небесного		Target_SummonCelestial;Target_SummonCelestial_6;Target_SummonCelestial_spellscroll
he29c0fa8g0bcdgab6cgc0c7ge447100b3ff3	Conquering Presence	Завойовницька аура	Завойовницька аура	Shout_ConqueringPresence
h941c15f0g2e60g0e9fg218dge166bea3e8ed	Consume Darkness	Споживайте Темряву		Shout_ConsumeDarkness
h8eb0c380gc532g2b56ge76ag79d1d658cdbf	Contagion	Зараза	Зараза	Target_Contagion
hdc0383dag5a23gd42dg0b27g00f90507d3e4	Contagion: Blinding Sickness	Зараза: сліпуча недуга	Зараза: сліпуча недуга	Target_Contagion_BlindingSickness;Target_Contagion_BlindingSickness_6
h526796c0g7033g01b1g9d4eg2dad2e203b62	Contagion: Filth Fever	Зараза: пропасниця	Зараза: пропасниця	Target_Contagion_FilthFever;Target_Contagion_FilthFever_6
hfc1438b7g6f56g436cg9eccga92207802562	Contagion: Flesh Rot	Зараза: гангрена	Зараза: гангрена	Target_Contagion_FleshRot;Target_Contagion_FleshRot_6;Target_Contagion_FleshRot_NPC
hc7ef25e5g5059gb4b2gb313g2514a5bee4a9	Contagion: Mindfire	Зараза: запалення мозку	Зараза: запалення мозку	Target_Contagion_Mindfire;Target_Contagion_Mindfire_6
h0ce6273dg8fb2g5e40gb370g2250273aca87	Contagion: Seizure	Зараза: трясця	Зараза: трясця	Target_Contagion_Seizure;Target_Contagion_Seizure_6;Target_Contagion_spellscroll
h823faaa9gdffegae75g4029g9f85e40f34e7	Contagion: Slimy Doom	Зараза: слизька содуха	Зараза: слизька содуха	Target_Contagion_SlimyDoom;Target_Contagion_SlimyDoom_6;Target_Contagion_SlimyDoom_NPC
hffce3b1cg9e68gb50cgbc7eg803cec074d21	Controlled Channeling	Контрольоване каналування		Shout_ControlledChanneling
hc2dbe1c0gf4a2g7ed0g532agdde0fc25cd5d	Controlled Channeling: Arsonist	Контрольований канал: підпалювач		Shout_ControlledChanneling_Arsonist
h98f45553g103ag5816g3970ga4819b6d6cb6	Controlled Channeling: Avenger	Контрольоване ченнелінг: Месник		Shout_ControlledChanneling_Avenger
h945acb09g1397g1556g11b6g3c002e37946c	Controlled Channeling: Beloved	Контрольований ченнелінг: коханий		Shout_ControlledChanneling_Beloved
hff226ec3g9b2dg45b2g19dfg56c02c4af940	Controlled Channeling: Coward	Контрольований ченнелінг: Боягуз		Shout_ControlledChanneling_Coward
h62bc4434g28bdg98c9gcbb8ga8015d78cb4e	Controlled Channeling: Fortune Teller	Контрольований ченнелінг: Ворожка		Shout_ControlledChanneling_FortuneTeller
h39687befg6a05g7279gb83dg79a1db3002ce	Controlled Channeling: Renegade	Контрольоване ченнелінг: Відступник		Shout_ControlledChanneling_Renegade
he31164f3gc7eeg457ag9c53ge89b52235660	Controlled Channeling: Shade	Контрольоване каналування: тінь		Shout_ControlledChanneling_Shade
hd8ba8bf9gec5fgc971g6414g155bd042f134	Controlled Channeling: Sharpshooter	Контрольоване ченнелінг: Снайпер		Shout_ControlledChanneling_Sharpshooter
h45a38cb9gec4fg8cfdge87eg66614158ce7d	Controlled Channeling: Trickster	Контрольоване ченнелінг: Трикстер		Shout_ControlledChanneling_Trickster
h29dfe375g8154gf8bcg453cgfa9a2614e7fb	Controlled Channeling: Wayfarer	Контрольоване ченнелінг: Мандрівник		Shout_ControlledChanneling_Wayfarer
h2515f6efg74e9g6061g08a1g0ec0f22a342d	Create Ice	Створити лід		Target_CreateIce;Target_CreateIce_1;Target_CreateIce_2;Target_CreateIce_3;Target_CreateIce_4;Target_CreateIce_5;Target_CreateIce_6
h0058e102gbba8ge20eg2cd0gc0bfb13819ea	Create Void	Створити порожнечу		Target_CreateVoid
h99712a6fge628ga06eg47b4ga89071e28928	Creeping Fog	Повзучий туман		Target_CreepingFog
he2351ff1gc2fegeb0ag256cg5f2fee7ff699	Darkbolt	Темна стріла		Projectile_Darkbolt;Projectile_Darkbolt_3;Projectile_Darkbolt_4;Projectile_Darkbolt_5;Projectile_Darkbolt_6;Projectile_Darkbolt_spellscroll
h8e2c71efgf381g9eb7gaf5cg2760015a45e2	Dash	Біг	Біг	Shout_Dash_BonusAction_Monk
hdbf6da5fgd885gc08cg83acg46495bbfa106	Dawn	Світанок		Target_Dawn;Target_Dawn_6;Target_Dawn_spellscroll
h06dbb138g6afagfebbg9a03gd5d229bb475e	Dazing Blast	Приголомшливий вибух		Projectile_DazingBlast;Projectile_DazingBlast_3;Projectile_DazingBlast_4;Projectile_DazingBlast_5;Projectile_DazingBlast_6;Projectile_DazingBlast_spellscroll
hef1660acg903fg1237g99f8g6b9c3a3e042b	Deadly Archery	Смертельна стрільба з лука		Shout_DeadlyArchery
h47e9e8edg7b15gb388g44c7ge5b71376dbe8	Death Armor	Броня смерті		Target_DeathArmor;Target_DeathArmor_3;Target_DeathArmor_4;Target_DeathArmor_5;Target_DeathArmor_6;Target_DeathArmor_spellscroll
ha072f922ge3c6g116bgc7feg773bb825e8e2	Defensive Field	Оборонне поле		Shout_DefensiveField
h3ac90d83g4cc2ge765ga080gab2406cc59ff	Defensive Tactics	Захисна тактика	Захисна тактика	Shout_DefensiveTactics
hd8199896gbae1g11ceg6ba1g523b41f8b9ef	Deflect Attack: Redirect	Відбити атаку: перенаправити		Projectile_Deflect_Missiles
h65882d15gbcc1g0a95g4036g27f23ffa539c	Detonate	Підірвати	Підірвати	Projectile_EC_Detonate
hac72ef57geda5gbcb7gefd0gd8f3ef7ecd35	Devastator	Руйнівник	Руйнівник	Target_Devastator
h452f19f2ga929gf880gace7g93748aa82758	Devastator: Melee Weapon Attack	Спустошувач: рукопашна атака зброєю		Target_Devastator_Melee
h60349a20g9e96g7eeeg2508g7315db437183	Devastator: Ranged Weapon Attack	Девастатор: далека атака зброєю		Projectile_Devastator_Ranged
h4b6ab214gd4f9gba28g0fb5gc087fbca986d	Devastator: Unarmed Attack	Спустошувач: атака голіруч		Target_Devastator_Unarmed
h467e4d93g2c88g87degd375gc54b5a65a88d	Devour	Зжерти	Зжерти	Target_InfernalConduit_Devour
h81e4c4fcge764ge0d3g745cgea094c73c3cc	Disappearing Step	Зникаючий крок		Target_DisappearingStep
h78c4f622gbb2cg3636gb74cg733fbf8d0b37	Disengage	Відступ	Відступ	Shout_Disengage_BonusAction_Monk
h43839460gafc1g5826gd796g265c77684acc	Dismiss Psychic Blades	Відкинути Психічні клинки		Shout_PsychicBlades_Dissmiss
h91db12d5g8008g270dg0954g09a1733b596c	Dismiss Shape-Shifter	Закрити Перевертень		Shout_ShapeShifterDismiss
h0fdb1f5ag867fg21d4g6beeg681eae4df812	Divine Spark	Божественна Іскра		Target_DivineSpark
h49ee25b5g5f2age7acga266g96075d1e4240	Divine Spark: Heal	Божественна іскра: зцілення		Target_DivineSpark_Heal
h9db3b3abg7a4dg3f7fg42a9g43591b76887d	Divine Spark: Necrotic Damage	Божественна іскра: некротична шкода		Target_DivineSpark_Necrotic
h7b82bf91ge1b7g4b75g2472g3c3dbf201a2d	Divine Spark: Radiant Damage	Божественна іскра: променева шкода		Target_DivineSpark_Radiant
h2f104997g62ecgd0e7g3258g0be25d035207	Djinni’s Escape	Втеча Джинні		Target_DjinnisEscape
h6aee83f0gafd8gb807g3a1bg78fbd25f3f9b	Dodge Roll	Додж Рол		Rush_DodgeRoll
h99f00500gb9adga785g718fgd903fd641999	Doom Song	Пісня приречення		Target_DoomSong
h61572b1ag95dagea9dga452g714442dc8cbd	Draconic Flight	Драконів політ		Target_DraconicFlight
h430183d9g2467g740eg12f4g394e373bda31	Dragon Fear	Страх дракона		Shout_DragonFear
ha7a4dc42gd5c2g913bg0030gb9bacfc6f4d8	Dragon Shape	Форма дракона		Shout_DragonShape
he19de47agde53g5b49gd45ag019467942cb7	Dragon's Breath	Дихання дракона		Target_DragonsBreath;Target_DragonsBreath_Acid;Target_DragonsBreath_Acid_3;Target_DragonsBreath_Acid_4;Target_DragonsBreath_Acid_5;Target_DragonsBreath_Acid_6;Target_DragonsBreath_Cold;Target_DragonsBreath_Cold_3;Target_DragonsBreath_Cold_4;Target_DragonsBreath_Cold_5;Target_DragonsBreath_Cold_6;Target_DragonsBreath_Fire;Target_DragonsBreath_Fire_3;Target_DragonsBreath_Fire_4;Target_DragonsBreath_Fire_5;Target_DragonsBreath_Fire_6;Target_DragonsBreath_Lightning;Target_DragonsBreath_Lightning_3;Target_DragonsBreath_Lightning_4;Target_DragonsBreath_Lightning_5;Target_DragonsBreath_Lightning_6;Target_DragonsBreath_Poison;Target_DragonsBreath_Poison_3;Target_DragonsBreath_Poison_4;Target_DragonsBreath_Poison_5;Target_DragonsBreath_Poison_6;Target_DragonsBreath_spellscroll
hb10c2d2ag537bg8220ge773g2f2eca39fdaa	Dragon's Breath	Дихання дракона		Zone_DragonsBreath_Acid;Zone_DragonsBreath_Acid_3;Zone_DragonsBreath_Acid_4;Zone_DragonsBreath_Acid_5;Zone_DragonsBreath_Acid_6
h5739f1d4gcac7g91f1g8878gc76bc894c921	Dragon's Breath	Дихання дракона		Zone_DragonsBreath_Cold;Zone_DragonsBreath_Cold_3;Zone_DragonsBreath_Cold_4;Zone_DragonsBreath_Cold_5;Zone_DragonsBreath_Cold_6
h44faa33fgf2e3gd86dg32ffgfdafe83f556a	Dragon's Breath	Дихання дракона		Zone_DragonsBreath_Fire;Zone_DragonsBreath_Fire_3;Zone_DragonsBreath_Fire_4;Zone_DragonsBreath_Fire_5;Zone_DragonsBreath_Fire_6
h3d58952cg99d7gd4e9g6ba3gf7ba2d2ccd6e	Dragon's Breath	Дихання дракона		Zone_DragonsBreath_Lightning;Zone_DragonsBreath_Lightning_3;Zone_DragonsBreath_Lightning_4;Zone_DragonsBreath_Lightning_5;Zone_DragonsBreath_Lightning_6
hab751f1dg6ccdg30c4g0159g862e61032821	Dragon's Breath	Дихання дракона		Zone_DragonsBreath_Poison;Zone_DragonsBreath_Poison_3;Zone_DragonsBreath_Poison_4;Zone_DragonsBreath_Poison_5;Zone_DragonsBreath_Poison_6
h0cb1e09cg436bgc901g0c7cg06f2eb6a1066	Dragon's Terror	Жах дракона		Target_DragonsTerror
hd359e4cbgb627ga19fg33d9g819888bf29c9	Dread Allegiance	Грізна відданість		Shout_DreadAllegiance
h6d6ec091g6782g7736g3633g063bf2cee187	Dread Allegiance: Bane	Грізна відданість: Бейн		Shout_DreadAllegiance_1
h51a11419g7905g3848gd5bfgf6d72fd1a609	Dread Allegiance: Bhaal	Грізна відданість: Баал		Shout_DreadAllegiance_2
h23fa8e89g70f4g44b2g3bceg2ab0350c9dde	Dread Allegiance: Myrkul	Жах Відданість: Миркул		Shout_DreadAllegiance_3
h417a65f0geb7ag67d8g7e8eg6c0ea35a7357	Dreadful Step	Жахливий крок		Projectile_DreadfulStep
h30f638b6g1b28g3f1fgb8cbge2ee1097d9ae	Dreadful Step	Жахливий крок		Teleportation_DreadfulStep
h5f7c0abdg7063gcfe9g177egb32caeb5c2c3	Dreadful Strike (Melee)	Жахливий удар (ближній бій)		Target_DreadAmbusher
hf3f8bd9cg3004g6dbbg08e2g587dc0432a14	Dreadful Strike (Ranged)	Жахливий удар (дальній бій)		Projectile_DreadAmbusher
h268b26f7gae12g5da6gc6cbgfc918bbeed59	Dreadnaught	Дредноут		Shout_ArmorModel_1
h3c1b94c0g3b79g0911g3aa7ge6561bd5cb56	Dream	Мрія		Target_Dream;Target_Dream_6;Target_Dream_spellscroll
hd8f158fcg0f26g89adg3cb8g224c43224f85	Dummy Spell	Підставне закляття		Shout_SavantDummy_1;Shout_SavantDummy_2;Shout_SavantDummy_3;Shout_SavantDummy_4;Shout_SavantDummy_5;Shout_SavantDummy_6
h4e92a1c7g63bdg48f0g9c25ga07f1b53de86	Duplicitous Cantrip	Двосторонній Кентріп		Target_DuplicitousCantrip
h5c1e93a7g2f48g4d6bg8e13ga7f4c2b60d95	Duplicitous Casting	Подвійний проказування		Target_DuplicitousCasting;Target_DuplicitousCasting_2;Target_DuplicitousCasting_3;Target_DuplicitousCasting_4;Target_DuplicitousCasting_5;Target_DuplicitousCasting_6;Target_DuplicitousCasting_Container
h63854322g2981gf688g3b17g3be3eb3cbaea	Eldritch Blast	Містичний промінь	Містичний промінь	Projectile_EldritchBlast;Projectile_EldritchBlast_spellscroll
h3793d1a6gc4b8g72a7geb63gdab6620030e7	Eldritch Smite	Потойбічна кара		Target_Smite_Eldritch;Target_Smite_Eldritch_3;Target_Smite_Eldritch_4;Target_Smite_Eldritch_5
ha351e5dfg5a09g2d6agfd39geb9d1770a8f5	Eldritch Smite (Ranged)	Потойбічна кара (дальнього бою)		Projectile_Smite_Eldritch;Projectile_Smite_Eldritch_3;Projectile_Smite_Eldritch_4;Projectile_Smite_Eldritch_5
hf18cec4dgc5a5gd248gadb2gacd0002e8ee0	Elemental Attunement	Елементарна настройка		Shout_HarmonyOfFireAndWater
habf53306g66b3gb76ag5a1bgf0e155fe7d9b	Elemental Burst	Вибух стихії		Target_ElementalBurst
h13e2605fg4015g36b3g1800g126360f78534	Elemental Burst: Acid	Вибух елемента: кислота		Target_ElementalBurst_1
heb32a441g2a41g2be1g94a8gfb7868573b40	Elemental Burst: Cold	Вибух стихії: Холод		Target_ElementalBurst_2
h20cb80c4gd3bag353egbaeagfc09e502126d	Elemental Burst: Fire	Вибух стихії: вогонь		Target_ElementalBurst_3
hb75cfe1fg5fb8gb857g1067ge5e38e4b4046	Elemental Burst: Lightning	Вибух стихії: блискавка		Target_ElementalBurst_4
ha9461978g325bg8b56g0b7fga747967bcf5b	Elemental Burst: Thunder	Вибух стихії: Грім		Target_ElementalBurst_5
hdb0aa103g9344gc10cg7143gabd5c9c363de	Elemental Exhalation	Елементарний Видих		Zone_ElementalExhalation;Zone_ElementalExhalation_Air;Zone_ElementalExhalation_Air_4;Zone_ElementalExhalation_Air_5;Zone_ElementalExhalation_Air_6;Zone_ElementalExhalation_Coldfire;Zone_ElementalExhalation_Coldfire_4;Zone_ElementalExhalation_Coldfire_5;Zone_ElementalExhalation_Coldfire_6;Zone_ElementalExhalation_Earth;Zone_ElementalExhalation_Earth_4;Zone_ElementalExhalation_Earth_5;Zone_ElementalExhalation_Earth_6;Zone_ElementalExhalation_Fire;Zone_ElementalExhalation_Fire_4;Zone_ElementalExhalation_Fire_5;Zone_ElementalExhalation_Fire_6;Zone_ElementalExhalation_Water;Zone_ElementalExhalation_Water_4;Zone_ElementalExhalation_Water_5;Zone_ElementalExhalation_Water_6;Zone_ElementalExhalation_spellscroll
h6e0a384dgd225ge86egd69cg112d2ac7bc0f	Elixir of Bloodlust	Еліксир жаги крові	Еліксир жаги крові	Shout_EE_Bloodlust
h7840502dgd965gff1bg1959g4cc5788a1633	Elixir of Heroism	Еліксир героїзму	Еліксир героїзму	Shout_EE_Heroism
h2469192dg9405g885bg517dgc323e96a0644	Elixir of Hill Giant Strength	Еліксир сили гірського велета	Еліксир сили гірського велета	Shout_EE_HillGiantStrength
hc4519899g1152g99c2g7e55gd65bec475876	Elixir of Peerless Focus	Еліксир незрівнянного зосередження	Еліксир незрівнянного зосередження	Shout_EE_PeerlessFocus
hc6b55ef9g548egd7b8gd8a3g4b6d580a9b9e	Elixir of the Colossus	Еліксир Колоса		Shout_EE_Colossus
h1b8d2207g2561g9a35gf63cgb0bf9fbef90e	Elixir of Vigilance	Еліксир пильності	Еліксир пильності	Shout_EE_Vigilance
h9adc4c48gd787g4656g13acg233be42b05a3	Elminster's Elusion	Елюзія Ельмінстера		Shout_ElminstersElusion;Shout_ElminstersElusion_3;Shout_ElminstersElusion_4;Shout_ElminstersElusion_5;Shout_ElminstersElusion_6;Shout_ElminstersElusion_spellscroll
h3193c1b1g81cegd32cg4ceag8e352d5d18eb	Embolden Allies	Підбадьорити союзників		Target_EmboldenAllies
ha3823257g1d27g9d0egeff1gb7b607bf03f2	Embolden Allies	Підбадьорити союзників		Target_EmboldenAllies_1;Target_EmboldenAllies_2;Target_EmboldenAllies_3;Target_EmboldenAllies_4;Target_EmboldenAllies_5;Target_EmboldenAllies_6
h11b2630egba57g41bfg86afga1a03173230e	Encourage Ally	Підбадьоріть Елі		Target_EncourageAlly
h65160f8dg63e2g4feeg3550g6feca8c4a710	Encouraging Song	Підбадьорююча пісня		Target_EncouragingSong
hb0a6474bg13f1g3902g0e55g5cd782210550	Enervation	Енервація		Target_Enervation;Target_Enervation_6;Target_Enervation_spellscroll
ha43fceeeg4ad3g069bgbbf5g78b41ca67687	Erupting Blades	Вивергаючі леза		Zone_EruptingBlades
hb4273983g8859g9cddgb28cge0e4b5463a5f	Escape the Horde	Уникнення навали	Уникнення навали	Shout_DefensiveTactics_EscapeTheHorde
h1785347fg2b9egdb19g2afdg3bc79075ff41	Ethereal Jaunt	Етерний хід	Етерний хід	Target_EtherealJaunt;Target_EtherealJaunt_Queen;Target_EtherealJaunt_Spiderling
h8311da6cg85dcge0b9g13bage6ae62239bea	Experimental Elixir	Експериментальний еліксир		Shout_ExperimentalElixir
hb5dc95fdga8fdga177gedf9g3d1def6b18b4	Exsanguinate	Знекровити		Target_Exsanguinate
h98ffe421g17f7g0329g024bg3e174475a832	Extend Rage	Подовжити лють		Shout_ExtendRage
hec4a6bcdg8605g41e4g8852g877f5c055465	Eyes of Night	Очі ночі		Shout_EyesOfNight
h1d580cb5gc915g8f13g3f12g57d46d07e991	Fade to Black	Перехід до чорного		Shout_FadeToBlack
h9c95882dg83f6g1bbdg05f2geae221b89b7a	False Life	Удаване життя	Удаване життя	Shout_FalseLife;Shout_FalseLife_2;Shout_FalseLife_3;Shout_FalseLife_4;Shout_FalseLife_5;Shout_FalseLife_6;Shout_FalseLife_spellscroll
h0d3b5485g5c57gea41ga802gd8b3685f8840	Family First	Сім'я перш за все		Shout_FamilyFirst
h7223d543gf408g50fagb634g0ce2909ad820	Fey Step	Фей Степ		Target_SummonFey_FeyStep
h89d1cdf7g6826g2911g126fga606244e1e51	Fey Step	Фей Степ		Target_FeyStep_Eladrin;Target_FeyStep_Eladrin_General
hd5282a6cg61c4g9090gb19ag4594d3d35701	Fey Step: Autumn	Фей Степ: Осінь		Target_FeyStep_Eladrin_Autumn
heaea9b90g45ccg4408gc5e5g09ea686c3a9c	Fey Step: Spring	Фей Крок: Весна		Teleportation_FeyStep_Eladrin_Spring
h9aebcc08g580fg3628g9378gf3b3f0400749	Fey Step: Summer	Фей Степ: Літо		Target_FeyStep_Eladrin_Summer
hccff7485gca62gd284gdabagfbef3ee11653	Fey Step: Winter	Фей Степ: Зима		Projectile_FeyStep_Eladrin_Winter
h5e6a75a1ga1edg6dcfge091g620017e990cc	Fey Step: Winter	Фей Степ: Зима		Teleportation_FeyStep_Eladrin_Winter
h75d1a2deg8c23gb291g4a07g0b23ca7da55c	Find Steed	Знайти скакуна		Shout_FindSteed;Shout_FindSteed_3;Shout_FindSteed_4;Shout_FindSteed_5;Shout_FindSteed_6;Shout_FindSteed_spellscroll
h4fb0f4d8g4a69gae26g0f0fg98c78bd0a838	Finger Guns	Пістолети		Projectile_FingerGuns;Projectile_FingerGuns_spellscroll
h9cf5d531g4949g8b3ag675egdf76db2f6a46	Fire Dance	Танець вогню		Shout_FireDance;Shout_FireDance_5;Shout_FireDance_6;Shout_FireDance_spellscroll
h954ddf9fg7f78ge82dg57c0gb1a304bf4d54	Fire Rune	Вогняна руна		Target_FireRune;Target_FireRune_3;Target_FireRune_4;Target_FireRune_5;Target_FireRune_6;Target_FireRune_spellscroll
hd57fc661gd11agdaeag80d1ge7f1fc524ee5	Fire Strike	Пожежний удар		Shout_StrikeOfTheGiantsSelect_Fire
h03d65a32ga8ccg59e0g4ea5g3121ef238425	Flamethrower	Вогнемет		Zone_EC_Flamethrower
h0332a04eg8429g6f00gada3gf49674ee7d97	Flight	Політ	Політ	Shout_Mutations_Flight
h42f9b6e7gffe1gc587g6bc6g8fecaef7c546	Flurry of Harm	Шквал шкоди		Target_FlurryOfHarm
h67d63e21g64a9g3fd1g0869gb6cda96834a4	Flurry of Healing	Шквал зцілення		Target_FlurryOfHealing
hc7b7932cg1da7g2183g00f2g206583dcf7ef	Fly	Політ	Політ	Target_Fly;Target_Fly_spellscroll
h9de09bd7gc9d1g08d0gcd2fg85f226c678d3	Fly	Політ	Політ	Target_Fly_4
h4e086e1dgb445g00e5g933agb84d51e37356	Fly	Політ	Політ	Target_Fly_5
h4d6a7f0cg4b59gf232g16f9gaaf7e6aa8dfb	Fly	Політ	Політ	Target_Fly_6
h3c4853cag177dg4ea8g0c15gde7e940ee735	Font of Inspiration	Джерело натхнення	Джерело натхнення	Shout_FontOfInspiration;Shout_FontOfInspiration_1;Shout_FontOfInspiration_2;Shout_FontOfInspiration_3;Shout_FontOfInspiration_4;Shout_FontOfInspiration_5;Shout_FontOfInspiration_6
h3f377196g65a7g4515g06e5gba317fd59da5	Force Ballista	Силова баліста		Projectile_EC_ForceBallista
hc997bdabg8c5dg07ceg15dfgb0f9460ee068	Force Demolisher: Pull	Силова Руйнівник: потягніть		Target_ForceDemolisher_Pull
h097afcaegbffcg54c6g7e95g39e866fdaad8	Force Demolisher: Push	Силовий руйнівник: поштовх		Target_ForceDemolisher_Push
hf909a1bage22fg8286gcfedg0f187d283bee	Force-Empowered Rend	Уповноважений Силою Ренд		Target_ForceEmpoweredRend
hcb1640e8ge305g48c7g65beg2186fe64aa34	Form of Dread	Жаска подоба	Жаска подоба	Shout_FormOfDread
hbf27e726g8355g4950ga017g8d4589b1b9aa	Fortifying Soul	Зміцнююча душа		Target_FortifyingSoul;Target_FortifyingSoul_1;Target_FortifyingSoul_2;Target_FortifyingSoul_3;Target_FortifyingSoul_4;Target_FortifyingSoul_5;Target_FortifyingSoul_6
h81a318d3g7d25ge9f7g6cb8g0d641f9d7d75	Fount of Moonlight	Джерело місячного світла		Shout_FountOfMoonlight;Shout_FountOfMoonlight_5;Shout_FountOfMoonlight_6;Shout_FountOfMoonlight_spellscroll
h5acbb969gf7e6g885egf07ag2ca3bb42d3a7	Frightful Start	Страшний початок		Target_FrightfulStart;Target_FrightfulStart_spellscroll
he9c0fbd7g6680g65c1g973fg1031294fcd3f	Frost Strike	Морозний удар		Shout_StrikeOfTheGiantsSelect_Frost
h7f78644fgc03fg2c71gd773gd6880da7a968	Frostbite	Обмороження	Обмороження	Target_Frostbite;Target_Frostbite_spellscroll
h1fdca66eg9f13g57dbg8cc8g8f067bb4d447	Giant Stature	Гігантський зріст		Shout_GiantStature
h87466615g2070gcbacg5d8ag5f7ab7b958fe	Giant’s Might	Гігантська сила		Shout_GiantsMight
h93af975eg1568g7912g8166g2000a25d6098	Gleam of Wrath	Відблиск гніву		Shout_GleamOfWrath
ha7727e9ag0c15g6933gae63g6fa84b4bf2d4	Grand Strategist	Великий стратег		Target_GrandStrategist
h3729f6f3g8054gfc05g7817g8f510f005496	Green-Flame Blade	Клинок зеленого полум'я		Target_GreenFlameBlade;Target_GreenFlameBlade_spellscroll
h20c820b5g9ed5g6cf5gf004ge0cc7d3c1bb8	Group Recovery	Відновлення групи		Target_GroupRecovery;Target_GroupRecovery_1;Target_GroupRecovery_2;Target_GroupRecovery_3;Target_GroupRecovery_4;Target_GroupRecovery_5;Target_GroupRecovery_6
h9d4fd894g81e1g69a7gb31ag685f124bd58d	Guardian	Опікун		Shout_ArmorModel_2
h86ac4829gb9e1g65b8gf4b3g9e412c0d7a5e	Guiding Whispers	Керівний шепіт		Target_Guidance_Spirits
h613fc304gdb88g758bgc98cg5ab761c0998b	Hair Trigger	Тригер волосся		Projectile_HairTrigger
he20aedbcg8a55ge2e1gc6e1g892e80b9dd06	Hair Trigger	Тригер волосся		Target_HairTrigger
h32916177g482ag7227g21aagbd4d6aed7f71	Hand of Healing	Рука зцілення		Target_HandOfHealing
hee581120gaebcg3ad5ge885ge712f8b5c11f	Healing Hands	Зцілення рук		Target_HealingHands
h57173a7egcdf0g4150gbb9eg91bada654a99	Healing Light	Цілюще світло		Target_HealingLight;Target_HealingLight_1;Target_HealingLight_2;Target_HealingLight_3;Target_HealingLight_4;Target_HealingLight_5;Target_HealingLight_6
hf9f07646gadfdg070cg41f1gf012681429ac	Healing Touch	Цілющий дотик		Target_SummonCelestial_HealingTouch
h0bf5656fg0b15g4da8gc1fcg0b504c8b4a4b	Hearth of Moonlight and Shadow	Вогнище місячного світла й тіні		Shout_SongOfRest_Hearth
hfae2afebg7426gcf8cg5c76g65cdce3c393d	Heavenly Wings	Небесні крила		Shout_CelestialRevelation_Fly
h31098a1egf55bg9a74gf0f4ga0bac9f7d37a	Hellcrawler	Пеклолаз	Пеклолаз	Target_MAG_Legendary_HellCrawler
h913a1845g6aeeg56e5g1083g84f2c46ab26a	Hellfire	Пекельний вогонь	Пекельний вогонь	Target_Hellfire;Target_Hellfire_spellscroll
h89a134d0g96d7ga7b7g8000gde7bf71cecdc	Hell’s Lash	Батіг Пекла		Target_HellsLash;Target_HellsLash_2;Target_HellsLash_3;Target_HellsLash_4;Target_HellsLash_5;Target_HellsLash_6;Target_HellsLash_spellscroll
h53a12d9egc7c5gf706ga7b8g2d29d648745c	Heroic Soul	Героїчна душа		Shout_HeroicSoul
h5d17bbf7gb793g42b6gacefg8a899ba5c4ab	Hex	Прокльон	Прокльон	Target_Hex;Target_Hex_4;Target_Hex_5;Target_Hex_6
h315de182g2122gf2a7g83aagb2576755b5ee	Hex	Прокльон	Прокльон	Target_Hex_2
h7416be09g20a9ga121g5136g174293a1df26	Hex	Прокльон	Прокльон	Target_Hex_3
hc904ec1agac4cgacb6g35dfg81038f9c3e4f	Hex (Charisma)	Прокльон (харизма)	Прокльон (харизма)	Target_Hex_Charisma;Target_Hex_Charisma_2;Target_Hex_Charisma_3;Target_Hex_Charisma_4;Target_Hex_Charisma_5;Target_Hex_Charisma_6
h5237054dgbd17gc3dagc39cg00fae637b62d	Hex (Constitution)	Прокльон (статура)	Прокльон (статура)	Target_Hex_Constitution;Target_Hex_Constitution_2;Target_Hex_Constitution_3;Target_Hex_Constitution_4;Target_Hex_Constitution_5;Target_Hex_Constitution_6
h4237c162g3b21g9ad5gbb24gfcac91a66def	Hex (Dexterity)	Прокльон (спритність)	Прокльон (спритність)	Target_Hex_Dexterity;Target_Hex_Dexterity_2;Target_Hex_Dexterity_3;Target_Hex_Dexterity_4;Target_Hex_Dexterity_5;Target_Hex_Dexterity_6
hbea57063g0a4cg9437g0425g09d1d0f11ebd	Hex (Intelligence)	Прокльон (інтелект)	Прокльон (інтелект)	Target_Hex_Intelligence;Target_Hex_Intelligence_2;Target_Hex_Intelligence_3;Target_Hex_Intelligence_4;Target_Hex_Intelligence_5;Target_Hex_Intelligence_6
h380fb49dg3e47g7b02gf89dge802681c350e	Hex (Strength)	Прокльон (сила)	Прокльон (сила)	Target_Hex_Strength;Target_Hex_Strength_2;Target_Hex_Strength_3;Target_Hex_Strength_4;Target_Hex_Strength_5;Target_Hex_Strength_6
h830830a0g7b58gd836gd2ceg2928e77472c1	Hex (Wisdom)	Прокльон (мудрість)	Прокльон (мудрість)	Target_Hex_Wisdom;Target_Hex_Wisdom_2;Target_Hex_Wisdom_3;Target_Hex_Wisdom_4;Target_Hex_Wisdom_5;Target_Hex_Wisdom_6;Target_Hex_spellscroll
h447397a3g875fgc842g106dg4b2c03ef1b5b	Hidden Paths	Приховані шляхи		Target_HiddenPaths
hb6ad15b6g6a5cgc8edg95d4gd631318ac05a	Hidden Paths	Приховані шляхи		Teleportation_HiddenPaths
hda876b8bgf832g00b4g56d9g44e1bd90c465	Hide	Скрадання	Скрадання	Shout_Hide_BonusAction
h60ea299agcbc0g21cegd4dcga4a4509e0828	Hill Strike	Пагорб Удар		Shout_StrikeOfTheGiantsSelect_Hill
hfd297654g852eg6991g0f63g6d204e54a34b	Holy Weapon	Свята зброя		Target_HolyWeapon;Target_HolyWeapon_6;Target_HolyWeapon_spellscroll
h44a07085gd021gf937gb88ag37126b6f03c7	Holy Weapon Burst	Вибух священної зброї		Shout_HolyWeapon
hbca64bf4ga835g10c5gba60g0c68950c7135	Holy Word	Святе Слово		Target_HolyWord;Target_HolyWord_spellscroll
hd0cfde10gdf36gc51age9f2gd9dc73cd5ad3	Horde Breaker	Стримання навали	Стримання навали	Shout_HuntersPrey_HordeBreaker
h2881789ag8c50g0643gc4afgdefe86565759	Horse Lord	Володар коней		Shout_HorseLord
hcee9d863gb64eg2f43gf305g608bc4aa5061	Hungering Blade	Голодний клинок		Shout_HungeringBlade;Shout_HungeringBlade_2;Shout_HungeringBlade_3;Shout_HungeringBlade_4;Shout_HungeringBlade_5;Shout_HungeringBlade_6;Shout_HungeringBlade_spellscroll
h220b1bf3g7df6g2f34g1c2bge7ef357dc73a	Hunter’s Prey	Здобич мисливця		Shout_HuntersPrey
h33d907d8gd0a0gaee7g061fg578448183f33	Improved Shillelagh	Покращено Дубець		Shout_ImprovedShillelagh
h9a58f47cgb03cg53ddg2bdfgba12dcd9a2e5	Infiltrator	Інфільтратор		Shout_ArmorModel_3
h2eddaae5gd399g869eg1cdag9e9a178e24d8	Infused	Настояний		Shout_Mutations_Infused
haa67fd1eg0ed5g498egc4f2g2b0c0638ff09	Infused: Acid	Настояний: кислота		Shout_Mutations_Infused_1
h19df2915gdc32g0dd3g5c76gef59b78ad51f	Infused: Cold	Настоювання: холодне		Shout_Mutations_Infused_2
hb78a3ecdg7a33g2a60g7ee1g414456631317	Infused: Fire	Настояний: Вогонь		Shout_Mutations_Infused_3
h7953e4c5g1403g5956g4511gc857d6b9ce40	Infused: Lightning	Наповнений: Блискавка		Shout_Mutations_Infused_4
h9937e5c1g20b9gf010g9a9ag5025bbaebac2	Infused: Poison	Настояний: Отрута		Shout_Mutations_Infused_5
h6537ee84g1c9egec99gef96g0dc4308fed8c	Infused: Thunder	Настояний: Грім		Shout_Mutations_Infused_6
h7cb6863bgbcc6g197agc84bg25e1ade48c39	Innate Sorcery	Вроджене чаклунство		Shout_InnateSorcery
h3f49f80egbab5g00d8gc75fg71bb7b054fc6	Inner Radiance	Внутрішнє сяйво		Shout_CelestialRevelation_Radiant
h4cb69536g5c74geea4gc43dgd9f79ab9e5bd	Inspirational Dance	Натхненний танець		Target_InspirationalDance
h4b8c5fb1g0cb0gdf42g5d1bgd60b7110c837	Inspired Eclipse	Натхненне затемнення		Target_InspiredEclipse
he69c1c77gfc97gb4e2g7877gb843a6c497b6	Inspiring Glory	Надихаюча слава		Target_InspiringGlory;Target_InspiringGlory_1;Target_InspiringGlory_2;Target_InspiringGlory_3;Target_InspiringGlory_4;Target_InspiringGlory_5;Target_InspiringGlory_6
h38de6e70g3483gb2a8gf232gce6933397614	Inspiring Leader	Природжений лідер	Природжений лідер	Shout_InspiringLeader
h92f7f7b1gd3ccg8bd7gc59bgddaff5a65f29	Inspiring Movement	Надихаючий рух		Shout_InspiringMovement
h02d0f03dgbaeegc343ge0f3gc9b59d3458f4	Inspiring Movement	Надихаючий рух		Target_InspiringMovement
h6b7c5b42gc865g9a66g25bcgcf6498b47b95	Invigorate	Бадьорить		Target_InfernalConduit_Invigorate
h5eb0c1fbg30ddg233fgb6c8gefbdb310cc80	Invisibility	Невидимість	Невидимість	Shout_Mutations_Invisibility
hd981160eg2361g96c5g14b2g6faa8b2cc888	Invocation: False Life	Інвокація: удаване життя	Інвокація: удаване життя	Shout_FalseLife_FiendishVigor
h3098d03bg9b76gd04eg7ef8g689022ec62ad	Invocation: Gift of the Protectors	Інвокація: Дар Захисників		Target_DeathWard_Warlock
hd49600e9gaa19g5b9bgab38g6740603067eb	Invoke Frost Rune	Викликати Руну Морозу		Shout_FrostRune
hea790591g5d78g720ag188bgcefd45615ff0	Invoke Hill Rune	Викликати руну Хілл		Shout_HillRune
ha9c39a13gb33cg2948g41efg78e3649d79ac	Invoke Stone Rune	Викликати кам'яну руну		Target_StoneRune
hea634b92g74a3g2000gc22bgfecaeff7c7dd	Invoke Storm Rune	Викликати Штормову руну		Shout_StormRune
hb74c3fd9ga6a8g8c4bg0373g427c3edf70f7	Jump Down	Стрибок вниз		Projectile_Jump_Down
h9a555b37g7fb4g96dcgf889g2b4ef90a9487	Kensei’s Shot	Постріл Кенсея		Shout_KenseisShot
h090fc065geb1dge3e6g22b1g1d5d2fa91c92	Laeral's Silver Lance	Срібний спис Лаераля		Zone_LaeralsSilverLance;Zone_LaeralsSilverLance_4;Zone_LaeralsSilverLance_5;Zone_LaeralsSilverLance_6;Zone_LaeralsSilverLance_spellscroll
h2b54832cgd102gec1dg521dgc5239b16c5b9	Land’s Aid	Земельна допомога		Target_LandsAid
h955ac611g781fg6ebfge3d7gd118e6f415a5	Large Form	Велика форма		Shout_LargeForm
h8ca2e942gfe74g20f3g5b03gaaa73c5316d3	Level 10: Armor of Resistance	Рівень 10: Броня опору		Target_RMI_ArmorOfResistance
h33216644g8040g2af7g56f4g08c88f2466f6	Level 10: Ring of Free Action	Рівень 10: Перстень вільної дії		Target_RMI_RingOfFreeAction
h68b7dd57g5b1fg1c11g6a7egfa0f952d5948	Level 10: Ring of Protection	Рівень 10: Перстень захисту		Target_RMI_RingOfProtection
h48281e48g96a3g1f6dgdc66gbdf48065cede	Level 2: Alchemy Jug	Рівень 2: Алхімічний глечик		Target_RMI_AlchemyJug
hbcfe7e3dg0633g6665g1f15ge22c9cf7dbb7	Level 2: Bag of Holding	Рівень 2: Сумка холдингу		Target_RMI_BagOfHolding
h90c82523g4a46gb71ag6f88gc835ddaae5d8	Level 2: Goggles of Night	Рівень 2: Окуляри ночі		Target_RMI_GooglesOfNight
h10e5725bg4bd0g61f2g780ag5b6d6bf91837	Level 2: Magic Shield	Рівень 2: Чарівний щит		Target_RMI_MagicShield
h2b9135b0g2582g6163g9b6dgc3583a49f204	Level 2: Magic Weapon	Рівень 2: Магічна зброя		Target_RMI_MagicWeapon
hef24c59dg255fg00dag4607gcb6c909dc686	Level 2: Wand of the War Mage	Рівень 2: Паличка Військового Мага		Target_RMI_WandOfTheWarMage
ha154c820gb9fcg9b4bgb15fg12ccad5e4c6d	Level 2: Wraps of Unarmed Power	Рівень 2: Обгортки беззбройної сили		Target_RMI_WrapsOfUnarmedPower
hc0a46c23g2511gfbe6g798dg1af91d95f246	Level 6: Helm of Awareness	Рівень 6: Шлем усвідомлення		Target_RMI_HelmOfAwarreness
h0cdde128gb8edgf880g31f8gff48fb784ff2	Level 6: Lantern of Revealing	Рівень 6: Ліхтар одкровення		Target_RMI_LanternOfRevealing
h4dd05c9eg77b9gce4fg1fc8gd73ab0ee9845	Level 6: Magic Armor	Рівень 6: Чарівна броня		Target_RMI_MagicArmor
hc5dd5954g8435gfe43ga00fgee1b1e264b58	Level 6: Mind Sharpener	Рівень 6: Творець розуму		Target_RMI_MindSharpener
h8416536fg8e84gf01eg11c4g49188075bb83	Liar’s Dice	Гра в кістки брехуна		Shout_LiarsDice
hbc51a963g20c5g876cgc0b3g1fda844b3830	Life-Giving Force	Життєдайна Сила		Target_LifeGivingForce
h1deb9510g66e8g1014ga617g42de42c8b1ba	Lightning Launcher	Блискавкомет		Projectile_LightningLauncher
hf9be0a35gce33ga419g1a57gcc67560214a9	Long Jump	Стрибки в довжину		Projectile_Athlete_Jump;Projectile_LongJump_Jump;Projectile_MAG_Mobility_JumpOnDash_Action;Projectile_Totem_Tiger_Jump
ha980b3fbg98dcgc88eg9edbg89be32a4b191	Magic Initiate (Cleric): Cantrip	Магічний хист (клірик): Замовляння		Shout_MagicInitiate_Cleric_Cantrip
h948ef541g3485gbf64g5f3ag0b03af06a06a	Magic Initiate (Cleric): Spell	Магія Посвячений (Клірик): Закляття		Shout_MagicInitiate_Cleric_Spell
h3be2808fgdf36g2f49g651dgd7072fe1c369	Magic Initiate (Druid): Cantrip	Магічний хист (друїд): Замовляння		Shout_MagicInitiate_Druid_Cantrip
hc1a2947cg6d72g0cb9g22eagc5ff105e4237	Magic Initiate (Druid): Spell	Магічний хист (друїд): закляття		Shout_MagicInitiate_Druid_Spell
hcf7beb3cg8662gd7d0ga3aag9f047d9b8897	Magic Initiate (Wizard): Cantrip	Магічний хист (чарівник): Замовляння		Shout_MagicInitiate_Wizard_Cantrip
hc6335af1g4129g0308g8518g3cb980ec4a55	Magic Initiate (Wizard): Spell	Магічний хист (чарівник): закляття		Shout_MagicInitiate_Wizard_Spell
h20d548d9g2600gaf44geda5gd71ed6825255	Magical Cunning	Магічна хитрість		Shout_MagicalCunning
hd01b6b25g66b1g66d5gcfaag271f0d12728a	Might	може		Shout_Mutations_Might
had9ee1e5g5369g47b5g65c4g37b956523a59	Mind Sliver	Уламок розуму		Target_MindSliver;Target_MindSliver_spellscroll
h84a10acdg5e1fgb4f6g3b55g7f5134f52d10	Mind Spike	Прокол розуму	Прокол розуму	Target_MindSpike;Target_MindSpike_3;Target_MindSpike_4;Target_MindSpike_5;Target_MindSpike_6;Target_MindSpike_spellscroll
h6e1403d1gbd2egd8fbge956ga08f199a8661	Misty Step	Маревний крок	Маревний крок	Target_MistyStep;Target_MistyStep_3;Target_MistyStep_4;Target_MistyStep_5;Target_MistyStep_6;Target_MistyStep_Free;Target_MistyStep_Githyanki;Target_MistyStep_spellscroll;Target_UNI_MistyStep_DrowCommander_Amulet;Target_UNI_MistyStep_NightWalkers
h9203385fgb0d0gc75egca31g0264dad5cc14	Moonlight Step	Місячний крок		Target_MoonlightStep;Target_MoonlightStep_2;Target_MoonlightStep_3;Target_MoonlightStep_4;Target_MoonlightStep_5;Target_MoonlightStep_6;Target_MoonlightStep_Spell;Target_MoonlightStep_Spell_3;Target_MoonlightStep_Spell_4;Target_MoonlightStep_Spell_5;Target_MoonlightStep_Spell_6
h81c2ba2bgde76gcf4dgb0feg9c1e82f5c048	Move Cloud of Daggers	Перемістіть Хмару Кинджалів		Target_CloudOfDaggers_Move
h933efb07gb6d9g6ac3g1616gcb30169f9ef8	Move Cloud of Daggers	Перемістіть Хмару Кинджалів		Target_CloudOfDaggers_Move_3
hf9903a34g76c3gfdf1g4be2g6ded0a0cde47	Move Cloud of Daggers	Перемістіть Хмару Кинджалів		Target_CloudOfDaggers_Move_4
h91d412b9gc3c1g03ddg9d69g14b5660c1d16	Move Cloud of Daggers	Перемістіть Хмару Кинджалів		Target_CloudOfDaggers_Move_5
haaf05dcegc1c7g957cg76bagbacf907adfb7	Move Cloud of Daggers	Перемістіть Хмару Кинджалів		Target_CloudOfDaggers_Move_6
ha7a7ed57ge0dfg482ega39bg63f8ac7d0d32	Move Dawn	Рухайтесь Світанок		Target_Dawn_Move
hda020f21g72bagfe0cgda65g4bd7740d8934	Move Duplicity	Перемістити подвійність		Teleportation_InvokeDuplicity_Move
hb2ee2f95g8a45g9e37g0793gdda3dc90b5d7	Multiattack Defense	Багатоатаковий захист		Shout_DefensiveTactics_MultiattackDefense
h69e1f672gc48fg3f52g323bg3be6611e1538	Murder of Crows 	Вбивство ворон		Zone_MurderOfCrows;Zone_MurderOfCrows_5;Zone_MurderOfCrows_6;Zone_MurderOfCrows_spellscroll
h9652267bgde21g4799ga95ag6f6fadec6806	Murmurs of Doom	Шуміння приреченості		Target_MurmursOfDoom;Target_MurmursOfDoom_4;Target_MurmursOfDoom_5;Target_MurmursOfDoom_6;Target_MurmursOfDoom_Recast;Target_MurmursOfDoom_spellscroll
h618cb471geddfg2d11g70feg9e12919e4a68	Necrotic Shroud	Некротична плащаниця		Shout_CelestialRevelation_Necrotic
h6185df85g28ceg3fe6g4e39g5afb82fc5604	No Escape	Немає втечі		Target_NoEscape
hb2bf6fc5g6c41geefag4186g751dda5c0a20	Off-Hand Attack (Dual Wielder)	Атака руками (подвійний володар)		Target_DualWielder_OffhandAttack
h225d0df4g32ceg4fe8g9eccgc7d718c849fb	Pact of the Tome: Cantrip	Пакт Тома: Замовляння		Shout_PactOfTheTome_Cantrip
h2adc185egdb92gc42cgef83gd94b5364f467	Paladin's Smite	Удар Паладина		Target_Smite_Divine_Paladin
heb218d1cgb517g4e2fgf9fdgb6d50c2b9bad	Paralytic Venom	Паралітична отрута		Projectile_SneakAttack_Paralytic
h455d37dfgfcc6g8e24g56bdg393ac04545f1	Paralytic Venom	Паралітична отрута		Target_SneakAttack_Paralytic
h9f30b48cgc586g9ffdge56fg532847cbc56f	Path to the Grave	Шлях до могили		Target_PathToTheGrave
hd1fc430dg69bagc256g2318g1055bfa2fc27	Patient Defense	Захист пацієнта		Shout_PatientDefense
he922cbadga1cagc50eg44aagb22738ab6296	Phantom Steed	Примарний Кінь		Target_PhantomSteed;Target_PhantomSteed_4;Target_PhantomSteed_5;Target_PhantomSteed_6;Target_PhantomSteed_spellscroll
h92a4c2d5gc8f0g7ee9g69d9gbcc22fbfd18f	Pickpocketing	Обкрадання	Обкрадання	Target_MageHand_Pickpocketing
h4b36c8d5g7a7fgf9degbde8ga2790584725d	Place Seal	Розмістити печатку		Target_Seal
h7e88c185gbd54g08f0g41c1ga5e3a0ee30bd	Potion of Feather Fall	"Зілля ""Легкість пір'їни"""	"Зілля ""Легкість пір'їни"""	Shout_EE_FeatherFall
he9dd21e8g770ag148agb861g13f25606315d	Potion of Flying	Зілля польоту	Зілля польоту	Shout_EE_Flying
hed809b80g558dgc5ccg48e7g16bd505b61da	Potion of Glorious Vaulting	Зілля надзвичайних стрибків	Зілля надзвичайних стрибків	Shout_EE_GloriousVaulting
h643d818cge9a6gc17ag91a1gcc2d7d4de897	Potion of Healing	Цілюще зілля	Цілюще зілля	Shout_EE_Healing
hbc5f43fegbdb9gd6d1gc3bagd929971fe088	Potion of Invisibility	Зілля невидимості	Зілля невидимості	Shout_EE_Invisibility
ha0bb8097ge097g7ba8g86begfb76e22d1f5b	Potion of Speed	Зілля швидкості	Зілля швидкості	Shout_EE_Speed
hae1dce65g444ag6a6egf7d3g354c47c64531	Preserve Life	Збереження життя	Збереження життя	Target_PreserveLife;Target_PreserveLife_1;Target_PreserveLife_2;Target_PreserveLife_3;Target_PreserveLife_4;Target_PreserveLife_5;Target_PreserveLife_6
h304c8356g8ee7gee35g4f51gd593700b631e	Prestidigitation	Дрібні чари		Shout_Prestidigitation
h765e1e3cg4b04g748dg2d8bgdf11cdf13716	Prestidigitation: Clean	Престижність: чистий		Shout_Prestidigitation_Clean
h9b77345dg3b14g2b92g2dcegb47d678b5d96	Prestidigitation: Ignite	Дрібні чари: запалити		Shout_Prestidigitation_Light
h7dcf36cegab2dgf436g83fag871c5d97b6a7	Prestidigitation: Snuff	Дрібні чари: загасити		Shout_Prestidigitation_Dark
ha08d7455g92d8ge864g1342g92dbae05a2cd	Protector	Захисник		Shout_EC_Protector
h82e5f786g25beg91b9g6a62g3f5142f4ec41	Psi-Powered Leap	Стрибок на псі-системі		Projectile_PsiPoweredLeap;Projectile_PsiPoweredLeap_ShortRest
h20d37566g7400g2868g5deag4485da129eed	Psychic Blade	Психічний клинок		Projectile_Throw_Soulknife
h535f8fd1g0766g1526ge835g936f753a3b27	Psychic Blades	Психічні леза		Shout_PsychicBlades
he29c5d51gec42gc381gbc4bg435221bc0568	Psychic Teleportation	Психічна телепортація		Projectile_PsychicTeleportation
hd00572e3g8539gf0b2ga34cg5f825b6672dd	Psychic Veil	Психічна завіса		Shout_PsychicVeil
hc6f3a890g2305ge226g01d4gc9843a65ed52	Pulling Web	Потяг павутини	Потяг павутини	Target_ArachnoidStalker_Pull
hcbc34c94g87dagca44ge6bcg1c07a081e603	Radiant Fire: Fire	Променевий вогонь: Вогонь		Target_SpellFireBurst_2
h14663f97g9c94ge2fegb1d6g11e9d19efb32	Radiant Fire: Radiant	Променистий вогонь: Сяйво		Target_SpellFireBurst_3
h4ed59135g8036gb6acge97eg7a0fe86e5e7f	Radiant Sun Bolt	променева шкода Сонце Болт		Projectile_RadiantSunBolt
hf2913880g2465g80efg4ffag1eb36f934b8d	Radiant Sun Bolt: Bonus Action	Променева Сонячний заряд: Вторинна дія		Projectile_RadiantSunBolt_BonusAction
hbd9d344cgf966g1f1ag6c2ag2c71696c22ea	Rallying Cry	Зборний клич		Target_PurpleDragonRook
hed379247g311dgc5a8g87cag1e9a14eb6346	Rallying Surge	Ралійний сплеск		Target_RallyingSurge;Target_RallyingSurge_1;Target_RallyingSurge_2;Target_RallyingSurge_3;Target_RallyingSurge_4;Target_RallyingSurge_5;Target_RallyingSurge_6
h5feecb41gdbe1gef09gb9dbg3d32f331a0f6	Rangers Companion	слідопити Супутник		Shout_RangersCompanion;Shout_RangersCompanion_2;Shout_RangersCompanion_3;Shout_RangersCompanion_4;Shout_RangersCompanion_5;Shout_RangersCompanion_6
hb33f8a62gdd36gf6d9gacb0ge5a98eab7ecd	Reapply Hex	Повторний прокльон	Повторний прокльон	Target_Hex_Reapply
h6f62ceafgc618g1146g5257g5408af5dab65	Reapply Hex (Charisma)	Повторний прокльон (харизма)	Повторний прокльон (харизма)	Target_Hex_Reapply_Charisma
hc51bf50bg7affgbbefgf975ga57d608a8b19	Reapply Hex (Constitution)	Повторний прокльон (статура)	Повторний прокльон (статура)	Target_Hex_Reapply_Constitution
h08115bbbgf0d0gd268g5ce9g6d73edc1f0dc	Reapply Hex (Dexterity)	Повторний прокльон (спритність)	Повторний прокльон (спритність)	Target_Hex_Reapply_Dexterity
h86c9143ega058g12f9g6c50ga755dfac9985	Reapply Hex (Intelligence)	Повторний прокльон (інтелект)	Повторний прокльон (інтелект)	Target_Hex_Reapply_Intelligence
h365cad4egf41dg3be3g2556g60c4f94dca47	Reapply Hex (Strength)	Повторний прокльон (сила)	Повторний прокльон (сила)	Target_Hex_Reapply_Strength
hfa7f6205ge320g224eg9c60g341254b00f5d	Reapply Hex (Wisdom)	Повторний прокльон (мудрість)	Повторний прокльон (мудрість)	Target_Hex_Reapply_Wisdom
h21e9c371g94d2g99bbgc117g1f69a24cfd8a	Recharge Arcane Ward	Перезарядити Магічний оберіг		Shout_ArcaneWard;Shout_ArcaneWard_1;Shout_ArcaneWard_2;Shout_ArcaneWard_3;Shout_ArcaneWard_4;Shout_ArcaneWard_5;Shout_ArcaneWard_6
h22201c0cgc0a5g5477gc910gd1dbcb28c892	Reckless Attack (Unarmed)	Безрозсудна атака (без зброї)		Target_RecklessAttack_Unarmed
hf41a9d96ge143g36f0g9f1eg51d9ca5a4cee	Reckless Attack: Forceful Blow	Зухвала атака: силовий удар		Target_RecklessAttackForcefulBlow;Target_RecklessAttackForcefulBlow_Unarmed
hebd8f833g052cg4774g5e19geb34be606a5f	Reckless Attack: Hamstring Blow	Зухвала атака: удар по сухожиллю		Target_RecklessAttackHamstringBlow;Target_RecklessAttackHamstringBlow_Unarmed
h34aa1f06g5476g9077g6ecegcbeaecd1d022	Reduce	Зменшення	Зменшення	Shout_Enlarge_Duergar_Reduce
h832c95cdged4dg5872g8888g502dc91b83e0	Refreshing Step	Крок оновлення		Target_RefreshingStep
hf72e3943ga838g8a6eg437fgf3e3b4cf0bde	Regeneration	Регенерація	Регенерація	Shout_Mutations_Regeneration
hd8d03d73gad13g0cd8g4a62g3287c6ec2cad	Rend the Blasphemous	Роздерти богохульника		Target_RendTheBlasphemous
hbff33399g3821g55a5g1421g5be8f35d3981	Renegade	Ренегат		Target_Spirit_Renegade
hde22d914g9417gd953g3098g37bd1907e34c	Replicate Magic Item	Повторіть магічний предмет		Target_ReplicateMagicItem
h14ef410eg91c7g8763gfe5bge988b17c4434	Resistance	Опір	Опір	Shout_Mutations_Resistance
h214b31e4g1222g89d1g1c98g859dc68c80f1	Restorative Energy	Відновна енергія		Target_ArcaneJolt
ha941d1afgce71g4b43gb6cegdff72cc4a2b4	Rime's Binding Ice	В'яжучий лід Райма		Zone_RimesBindingIce;Zone_RimesBindingIce_3;Zone_RimesBindingIce_4;Zone_RimesBindingIce_5;Zone_RimesBindingIce_6;Zone_RimesBindingIce_spellscroll
h6eedf8b2gca4cg0d52g60e6g6356346c4feb	Roving Aim	Рухоме прицілювання		Shout_RovingAim
hd4c5ce4dgcb1bg633fg9549gc049d53401cf	Sanctified Blade	Освячений клинок		Shout_SanctifiedChampion
h3f5dd3abg56ccg8b39g80adg0a23ede4e80c	Searing Arc Strike	Пекучий дуговий удар		Zone_SearingArcStrike;Zone_SearingArcStrike_1;Zone_SearingArcStrike_2;Zone_SearingArcStrike_3;Zone_SearingArcStrike_4;Zone_SearingArcStrike_5
h95738422ged47g3260g1b9dg2cefcd3f0146	Searing Orb	Пекуча куля		Projectile_SearingOrb;Projectile_SearingOrb_3;Projectile_SearingOrb_4;Projectile_SearingOrb_5;Projectile_SearingOrb_6;Projectile_SearingOrb_spellscroll
h865531c6g912bg6238g820eg5148952630d5	Searing Sunburst	Пекучий сонячний промінь		Projectile_SearingSunburst;Projectile_SearingSunburst_1;Projectile_SearingSunburst_2;Projectile_SearingSunburst_3;Projectile_SearingSunburst_4
hb3e89e41gbe95gff0dgb116gf17d00181a3d	Severed from Dreams	Відірваний від мрій		Shout_DreamKnowledge
h76b975b4g225dg6d93g8391g805c6fe94d75	Severed from Dreams: Charisma	Відірвані від мрій: Харизма		Shout_DreamKnowledge_Charisma
he10fa554g1d22g52e8ga07ag4d67ea3adba9	Severed from Dreams: Dexterity	Відірвані від мрій: спритність		Shout_DreamKnowledge_Dexterity
h5aaa6305g5e92gf0bbge44cg808c6bfe53e3	Severed from Dreams: Intelligence	Відірвані від мрій: інтелект		Shout_DreamKnowledge_Intelligence
hfa38bd13g00b7g251ag5dcfg7b778b90f0fa	Severed from Dreams: Strength	Відірвані від мрій: Сила		Shout_DreamKnowledge_Strength
h1bcd11adgf59dg2940g9970gc535b6f03671	Severed from Dreams: Wisdom	Відірвані від мрій: Мудрість		Shout_DreamKnowledge_Wisdom
h40671bc4g4e10g2c2egd92cg6a9ae5dc8595	Shadow Grasp	Тіньовий захват		Target_ShadowGrasp
hea661ec8gedc0g2cfagc3ffg287756f25a33	Shadow Shroud	Тіньовий саван		Target_ShadowShroud
h491afa5eg7b34g23f1g71d1gd3a73f1a0484	Shadow Smoke	Тіньовий дим		Shout_ShadowSmoke
hcb0d96ffg7517gb4c2g0af2g93cb73a687f4	Shadow Teleport	Тіньовий телепорт	Тіньовий телепорт	Target_ShadowTeleport_Meazel
h3a655c13g144fg3a01g4382gc6ee6a07b664	Shadow Teleport	Тіньовий телепорт	Тіньовий телепорт	Target_ShadowTeleport_Meenlock
h390480b0g8f9fg5e94g1ba4g8e67566c3cce	Shadow Teleportation	Тіньова телепортація	Тіньова телепортація	Target_MAG_Shadow_Shadowstep
h45db1baag1a66g5173g7046g451d6c939820	Shape-Shifter	Змінник форми		Target_ShapeShifter
h670a676agfd61g80b8ga8b3ga28b64195781	Sharpen the Blade	Нагострити лезо		Shout_SharpenTheBlade
hf85d24eegb746gb3e4g54ddg00cde5bd922f	Shield Bash: Prone	Удар щитом: Повалення		Target_ShieldBash_Prone
h7703cd86g07afg9672g1765g96366fbc1138	Shield Bash: Shove	Удар щитом: штовхніть		Target_ShieldBash_Shove
h3bb1c07ag3913g5b74g9454gdcebc7737556	Shield of Faith: War God’s Blessing	Щит віри: Бойове благословення		Target_ShieldOfFaith_War
h8f8e4f76g9279geaf4g3be8g75fcc8975180	Skilled	Обдарований	Обдарований	Shout_Skilled
h0b1ce19fg660ag4802g476bg8c05a68222d8	Skilled: Acrobatics	Вправність: Акробатика		Shout_Acrobatics
h0c81c67cgb4c6g4561g00beg5a12ada00691	Skilled: Animal Handling	Кваліфікований: поводження з тваринами		Shout_AnimalHandling
h29993998g99bdg851dg0dccgdbf3b1370e56	Skilled: Arcana	Кваліфікований: Аркана		Shout_Arcana
h0fa6c280g9e87g0644g135bg21f0cdf93433	Skilled: Athletics	Кваліфікація: легка атлетика		Shout_Athletics
hfbd6a1b1g89fag83a8g0e7ege0255b94efda	Skilled: Deception	Кваліфікований: Обман		Shout_Deception
h90eb1d04g6929gc5d6gea2ag4c14b8d10050	Skilled: History	Кваліфікований: Історія		Shout_History
h2493bc3cgd699g2700g7ba2g908cbedeae7a	Skilled: Insight	Кваліфікований: проникливість		Shout_Insight
h4466962dg5878ge4ddg2288gbc90cd13da1b	Skilled: Intimidation	Кваліфікований: залякування		Shout_Intimidation
h97ae1233gb416g9366g5de6g48653fa24df6	Skilled: Investigation	Кваліфікований: Розслідування		Shout_Investigation
h34cec7c2g780cg0070g2be3gfc093346a1ef	Skilled: Medicine	Кваліфікований: медицина		Shout_Medicine
hada03c6fg8b80g6cfbg761eg6ec6542cc0a5	Skilled: Nature	Кваліфікований: Природа		Shout_Nature
h8521f637ga957g4fdeg40bbg3e8514ee2243	Skilled: Perception	Кваліфікований: сприйняття		Shout_Perception
h3644d11cg3f56gfa05g9d01g8c44cbf8f993	Skilled: Performance	Кваліфікований: продуктивність		Shout_Performance
h4e284e1cg7a31g63cag5ccegeaa125cdbdf0	Skilled: Persuasion	Кваліфікований: переконання		Shout_Persuasion
hceae7ad3gf0dbgdd24gcc1bg7bd21312fc0a	Skilled: Religion	Кваліфікований: Релігія		Shout_Religion
hc931f53agbc8egb132g41cdg19cd166d6f7b	Skilled: Sleight of Hand	Умілець: спритність рук		Shout_SleightOfHand
h9eb6dc6dg1471g2dbcg9f1bgee4b610efd55	Skilled: Stealth	Кваліфікований: непомітність		Shout_Stealth
hb990e3c4g5425g1524gfedcg5f20ce20597d	Skilled: Survival	Кваліфікований: Виживання		Shout_Survival
hd9de5da7g002ag9970g205agdaf99dc1ddd9	Snilloc's Snowball Swarm	Зграя сніжок Снілока		Projectile_SnowballSwarm;Projectile_SnowballSwarm_3;Projectile_SnowballSwarm_4;Projectile_SnowballSwarm_5;Projectile_SnowballSwarm_6;Projectile_SnowballSwarm_spellscroll
h186d2005gce77g5134gd47dgcd1286eb95f5	Sorcerous Burst	Чарівний вибух		Projectile_SorcerousBurst;Projectile_SorcerousBurst_1;Projectile_SorcerousBurst_2;Projectile_SorcerousBurst_3;Projectile_SorcerousBurst_4;Projectile_SorcerousBurst_5;Projectile_SorcerousBurst_6;Projectile_SorcerousBurst_7;Projectile_SorcerousBurst_Dummy;Projectile_SorcerousBurst_spellscroll
ha0496c74g4123g62d8ge5a6ga853a650ab6c	Sorcerous Restoration	Чародійське відновлення		Shout_SorcerousRestoration
hd9e8561fg5920g7f26g9d66g15b2d44e24f3	Spare the Dying	Пощада	Пощада	Target_SpareTheDying;Target_SpareTheDying_BonusAction;Target_SpareTheDying_spellscroll
hc2e55bdeg5106gd40agd099gff2986e993e4	Spatial Exchange	Просторовий обмін		Target_SpatialExchange
h6f008cdbg3350gd976g5f94g72ed94e99398	Spectral Slash	Спектральний слеш		Target_SpectralSlash;Target_SpectralSlash_2;Target_SpectralSlash_3;Target_SpectralSlash_4;Target_SpectralSlash_5;Target_SpectralSlash_6;Target_SpectralSlash_spellscroll
hc78c376dg616ag7239gb066ga93738880899	Spectral Slash Weapon Attack	Атака зброєю Примарний Розтин		Target_SpectralSlash_Attack
ha9f42619g46e1gf33agd7f6gca23d5d634b0	Spellfire Burst	Вибух магічного вогню		Target_SpellFireBurst
hef1552acg9a55g7c16ge056g056772bcc3ec	Spellfire Flare	Спалах магічного вогню		Projectile_SpellfireFlare;Projectile_SpellfireFlare_2;Projectile_SpellfireFlare_3;Projectile_SpellfireFlare_4;Projectile_SpellfireFlare_5;Projectile_SpellfireFlare_6;Projectile_SpellfireFlare_spellscroll
hf91f3fe6gf176g015fg2e8bg8d7e113fb2e5	Spellfire Storm	Буря чарівного вогню		Target_SpellfireStorm;Target_SpellfireStorm_5;Target_SpellfireStorm_6;Target_SpellfireStorm_spellscroll
hcaeae1ebgf2c5gb598g6716gb1b7c699916c	Spiritual Weapon: War God’s Blessing	Духовна зброя: війна Боже благословення		Target_SpiritualWeapon_War
hf5d6de51g8683g514bgcfd2gd52016de99fe	Starry Wisp	Зоряний вогник		Projectile_StarryWisp;Projectile_StarryWisp_spellscroll
h8cfd42a3ge9ddg2a7bg7928g2b06b4cc30ec	Steady Aim	Стійке прицілювання		Shout_SteadyAim
hadc251cegfa83ge72dgb40fg8799ee8d6cfe	Steed Attack	Атака коня		Rush_Attack_Steed
h0830e0b7g5f29g2f2egddefgdf29c01c0374	Steel Defender	Сталевий захисник		Target_SteelDefender
h002f5e57g1181g2dbbg226fgf29f606b801c	Steel Wind Strike	Сталевий удар вітру		Projectile_SteelWindStrike_Extra;Projectile_SteelWindStrike_Extra_2;Projectile_SteelWindStrike_Extra_3;Projectile_SteelWindStrike_Extra_4;Target_SteelWindStrike;Target_SteelWindStrike_6;Target_SteelWindStrike_spellscroll
hdd4e66dbg0ac9g5c5dg463eg6076392563ce	Step of the Wind	Вітровий крок	Вітровий крок	Shout_StepOfTheWind
hd667caedgdc28gdefdg4285gcd7ef4a63a22	Step of the Wind Jump	Крок вітру Стрибок		Projectile_StepOfTheWind_Jump
ha234394cge19egcbbege237gb40a9219bacb	Steps of Night	Кроки ночі		Shout_StepsOfNight
hc955fd61gc8e2gec82g251fg48d84fadc931	Stone Strike	Кам'яний удар		Shout_StrikeOfTheGiantsSelect_Stone
h1c85d7b8gf5dcge550gda8dgd5776880afb3	Storm Prophetic: Advantage	Буреві пророцтва: Перевага		Target_StormRune_Advantage
h8eb71fdcge67eg9086g4432gf36ff5890bba	Storm Prophetic: Disadvantage	Буреві пророцтва: Завада		Target_StormRune_Disadvantage
h7455f49fg84f2g871bg57f4ga9d24bf08115	Storm Strike	Штормовий удар		Shout_StrikeOfTheGiantsSelect_Storm
he859361dg2b9agac3fg2bdcg3f27f7143f6a	Storm’s Thunder	Штормовий Грім		Target_StormsThunder
hf7851a9dg2c90ga420g9853gd855b8d447bc	Strike from the Dark	Удар з темряви		Target_StrikeFromTheDark
h0cd633a9gc293geebeg5d42gf01451b6210a	Strike of the Giants	Удар гігантів		Shout_StrikeOfTheGiantsSelect
hbc64cea5g7abcg4ee4g6f8cg7e90db0c0465	Summon Beast: Giant Eagle	Викликати звіра: гігантського орла		Target_SummonBeast;Target_SummonBeast_3;Target_SummonBeast_4;Target_SummonBeast_5;Target_SummonBeast_6;Target_SummonBeast_spellscroll
h6057aef1gc72eg192ag3affgca7098f7a4c4	Summon Beast: Giant Eagle (Illusion)	Викликати звіра: гігантський орел (ілюзія)		Target_SummonBeast_Illusion
h8925bf96gcc33g196cg6b28ga8e21a86bf29	Summon Dragon	Викликати дракона		Target_SummonDragon;Target_SummonDragon_6;Target_SummonDragon_spellscroll
h1a950eaag6cb3g9b5cgfb98gc721a9abd164	Summon Fey: Red Cap	Викликати Фей: Червона Шапочка		Target_SummonFey;Target_SummonFey_4;Target_SummonFey_5;Target_SummonFey_6;Target_SummonFey_spellscroll
h32ce3bc3gbd08g5553gcc7dga7ed37159c2b	Summon Fey: Red Cap (Illusion)	Викликати Фей: Червона Шапочка (Ілюзія)		Target_SummonFey_Illusion
h2484eb83g2df9g26e8gd9a4g528b38f355d5	Superior Hunter’s Prey	Чудова мисливська здобич		Projectile_SuperiorHuntersPrey
hb62d358fga20fg4314g8013g4f3aaddafafa	Swift Witchcraft	Швидке чаклування		Shout_SwiftWitchcraft
h959cb550g10b0g1785ga0e3gd4203b55f7b8	Sword Burst	Вибух меча		Shout_SwordBurst;Shout_SwordBurst_spellscroll
hd666f94dg1a88g5b93g7dcbgfbc951360305	Synaptic Static	Синаптичний розряд		Target_SynapticStatic;Target_SynapticStatic_6;Target_SynapticStatic_spellscroll
h7fda03e0g1c44gfb83gc8c5g36e83d6dc3c8	Tandem Footwork	Тандемна робота ніг		Shout_TandemFootwork
h520061aagfd3bg1e64g6e2dg7bfb16deeec1	Tasha's Mind Whip	Батіг розуму Таші		Target_MindWhip;Target_MindWhip_3;Target_MindWhip_4;Target_MindWhip_5;Target_MindWhip_6;Target_MindWhip_spellscroll
ha4fa9aabgb628g9f25g60a6g8ef2736d6490	Taunting Step	Знущальний крок		Projectile_TauntingStep
h756fd0efg7178gaf40g2209ge695b89e27d9	Taunting Step	Знущальний крок		Teleportation_TauntingStep
h112e5aabgae68g5b63g8e95g3c2e5fd8ebb8	Telekinetic Movement	Телекінетичний рух		Teleportation_TelekineticMovement;Teleportation_TelekineticMovement_ShortRest
h4a76861cg2a42g5900gbd08gc593fbb9811e	Thorn Armor	Тернова броня		Target_ThornArmor;Target_ThornArmor_2;Target_ThornArmor_3;Target_ThornArmor_4;Target_ThornArmor_5;Target_ThornArmor_6;Target_ThornArmor_spellscroll
h2fc3807bg34e4gbdbeg88f4gb50fa0facd7e	Throw: Fast Hand	Кидок: швидка рука		Throw_Throw_BonusAction
hd6af5f68g9087g1e07g293bga2e94a2ef0a2	Thunder Pulse	Громовий пульс		Target_ThunderPulse
h8d4a4bb1g65b7g5025g4514gdfa80f1282ba	Thunderclap	Рокіт грому	Рокіт грому	Shout_Thunderclap;Shout_Thunderclap_spellscroll
h7db1a592ge710g4c16g2014gbe064274b274	Tidal Wave	Припливна хвиля		Zone_TidalWave;Zone_TidalWave_4;Zone_TidalWave_5;Zone_TidalWave_6;Zone_TidalWave_spellscroll
hc53cf966gb23fg281eg72e3g7fee38b6dede	Tide of Darkness	Приплив темряви		Shout_TideOfDarkness;Shout_TideOfDarkness_2;Shout_TideOfDarkness_3;Shout_TideOfDarkness_4;Shout_TideOfDarkness_5;Shout_TideOfDarkness_6;Shout_TideOfDarkness_spellscroll
h18c4df3eg4eabg12a1gbab7g044c7be445a5	Tireless	Невтомний		Shout_Tireless
ha73b8276g56b2g1bdegc73bgf16610d268ab	Trickster’s Transposition	Транспозиція Трикстера		Target_TrickstersTransposition
hec10168bged4egc312g169dgd40b9b631b23	Trollblood Infusion	Вливання тролячої крові		Target_TrollbloodInfusion;Target_TrollbloodInfusion_4;Target_TrollbloodInfusion_5;Target_TrollbloodInfusion_6;Target_TrollbloodInfusion_spellscroll
hde7eade7g981dg355bg6e30g0089c6fe0377	True Strike (Melee)	Справжній удар (ближній бій)		Target_TrueStrike_CompassSpear;Target_TrueStrike_Melee;Target_TrueStrike_Radiant;Target_TrueStrike_spellscroll
hc48575fbg3411gc50ag88aeg18f05fb53a0f	True Strike (Ranged)	Справжній удар (дальності)		Projectile_TrueStrike_Radiant;Projectile_TrueStrike_Ranged
h119be29dg24e8gbccbg6e70ge67fbf2b1f17	Tusk	Бивень	Бивень	Target_Tusk_Boar_Summon
h93835ab2gd32dgb000g6d71gaf792488673b	Twilight Sanctuary	Сутінкове святилище		Shout_TwilightSanctuary
h74c27673g4c1bga1beg5a49ga7aec2022773	Umbral Tendril	Обмінний вусик		Target_UmbralTendril;Target_UmbralTendril_2;Target_UmbralTendril_3;Target_UmbralTendril_4;Target_UmbralTendril_5;Target_UmbralTendril_6;Target_UmbralTendril_spellscroll
h6d5fdddcg3d1bg2ed8g0bebgcfcf2293742c	Uncanny Metabolism	Незвичайний метаболізм		Shout_UncannyMetabolism
h0f4e5dbfgfb84gaa42gc66eg6660538c6909	Unholy Resuscitation	Нечестива реанімація		Projectile_UnholyResuscitation
had6ccb0dg99e0ge0b3gfe64g2cc75c0d28a0	Unleash Hell: Fire	Звільніть пекло: вогонь		Target_UnleashHell_Fire
hdad51f43g5e81g7f25g4fa0gb0809a43973d	Unleash Hell: Necrotic	Звільніть пекло: некротичний		Target_UnleashHell_Necrotic
h23b11d5dg4140gd4e3g0710ge0e1bf4a740e	Unleashing a Spirit	Звільнення духу		Target_UnleashingASpirit
h61d2bdf7g6628g46ddg50d4gb76f3723bdac	Unleashing a Spirit: Arsonist	Звільнення духу: підпалювач		Target_UnleashingASpirit_Arsonist
he8db4d75g3788gb865gfae8g1e29680df8a8	Unleashing a Spirit: Avenger	Звільнення духу: Месник		Target_UnleashingASpirit_Avenger
h7f175533g6214gdd3dg85abgf900f49f70ea	Unleashing a Spirit: Beloved	Звільнення духу: улюблений		Target_UnleashingASpirit_Beloved
hf6a2b168g2d98g1bf5g837cg2fceb2ab048d	Unleashing a Spirit: Coward	Звільнення духу: Боягуз		Target_UnleashingASpirit_Coward
h77672afbg5619g3b1ag237eg9443a77c6090	Unleashing a Spirit: Fortune Teller	Звільнення духу: Ворожка		Target_UnleashingASpirit_Fortune Teller
h038053e1gcfecgf7dbgde6fg58230daeb450	Unleashing a Spirit: Renegade	Звільнення духу: Відступник		Target_UnleashingASpirit_Renegade
he46fe671gb7f8g016egffdfgebfe371c4328	Unleashing a Spirit: Shade	Звільнення духу: тінь		Target_UnleashingASpirit_Shade
h2d7ed16fgf4dag658eg9a3bg2d0403eee929	Unleashing a Spirit: Sharpshooter	Звільнення духу: Снайпер		Target_UnleashingASpirit_Sharpshooter
hea1ddd9cg5190g336fgf671gcf66a2291763	Unleashing a Spirit: Trickster	Звільнення духу: Трикстер		Target_UnleashingASpirit_Trickster
h9275efcdg5392ga44cg149cg1a62add6cf2a	Unleashing a Spirit: Wayfarer	Звільнення духу: Мандрівник		Target_UnleashingASpirit_Wayfarer
hda98b41agfc26g23d3g9dafg4d09cb0cc2d8	Use Hit Point Dice	Використовуйте кістки Очко здоров’я		Shout_HitPointDice
h9df0d5e3gb8b4g35c0g6ef3gc428f067f2a7	Use Hit Point Dice: D10	Використовуйте кістки Очко здоров’я: D10		Shout_HitPointDice10
hd6b15ae8g883dgdf02gd6abg7ee0b10eb571	Use Hit Point Dice: D12	Використовуйте кістки Очко здоров’я: D12		Shout_HitPointDice12
h9a5993cagb688g4704g8ed3gd3d161fe6ef5	Use Hit Point Dice: D6	Використовуйте кістки Очко здоров’я: D6		Shout_HitPointDice06
h3e687a50gd1a3g26feg6792ged6ab0a5dc00	Use Hit Point Dice: D8	Використовуйте кістки Очко здоров’я: D8		Shout_HitPointDice08
h38a88f4cg35f3g31d8g00d6g8d7544ea0cd0	Use Poisoner’s Kit	Використовуйте набір отруйника		Shout_PoisonersKit
hd96c9a15gcab7gfe30g113bg3a931597f197	Use Poisoner’s Kit	Використовуйте набір отруйника		Shout_PoisonersKit_Feat
hbd7ad3e9g7a42gc5e6gc2fdga2aedc0b75ce	Use Poisoner’s Kit: Poison	Використовуйте набір отруйника: отрута		Shout_PoisonersKit_Poison
h6b917f97g0e9egc17ag8e8cg647d97a99967	Use Poisoner’s Kit: Poison	Використовуйте набір отруйника: отрута		Shout_PoisonersKit_Poison_Feat
h5a82f53dg51e2g741cg6a2dg0b0bcdccd4fd	Use Poisoner’s Kit: Toxin	Використовуйте набір отруйних речовин: токсин		Shout_PoisonersKit_Toxin
h1c64e7ffg27dfg1336g4d10g922cd9e93f4f	Use Poisoner’s Kit: Toxin	Використовуйте набір отруйних речовин: токсин		Shout_PoisonersKit_Toxin_Feat
h65da4e4ag4859ga026g9095g2e8a3e5e278f	Vengeful Blade	Мстивий клинок		Target_VengefulBlade;Target_VengefulBlade_spellscroll
h5b9a73a3g7b6fg13b5gc7c3gdf58090d1c36	Vengeful Shot	Мстивий постріл		Projectile_VengefulShot
hf03ebf8bg34c6g7279gf339ge110c265fd76	Venomous Strike	Отруйний удар		Projectile_SneakAttack_Poison
h656a706fg1a46gaa36g3947ga8c2d498eb29	Venomous Strike	Отруйний удар		Target_SneakAttack_Poison
hf553a594g2ce5g3625g7248gdfeff4242444	Vigilant Blessing	Пильне благословення		Target_VigilantBlessing
hf9a730dcg1eb4gd9edg0aa7gb17398270505	Visions of Annihilation	Бачення знищення		Target_VisionsOfAnnihilation
h2bbc0ae7ged33gb46fg82a1ge5f25d92f4a0	Vitriolic Sphere	Їдка сфера		Projectile_VitriolicSphere;Projectile_VitriolicSphere_5;Projectile_VitriolicSphere_6;Projectile_VitriolicSphere_spellscroll
h8b08b170g8caagfb3fg29fcg67cbdcce5976	Void Strike	Удар порожнечі		Projectile_VoidStrike;Projectile_VoidStrike_4;Projectile_VoidStrike_5;Projectile_VoidStrike_6;Projectile_VoidStrike_spellscroll
hb2dd14b4gba6bgdc59gf8f1g789a1ebe6b74	Void Strike Recast	Порожнеча Удар Повторне застосування		Projectile_VoidStrike_Recast_3;Projectile_VoidStrike_Recast_4;Projectile_VoidStrike_Recast_5;Projectile_VoidStrike_Recast_6
h2c47e364g0a41g1229g1e15g9ee56517f25c	Voltedge	Напруга		Zone_MAG_Voltedge
h3c0eb0ffga3ccgcf65g862bg01f7c36b74b8	War Priest	Капелан	Капелан	Shout_WarPriest
h8f9cfbbcgaa6dgc17bg2d8fg66589650eeb4	Wardaway	Вардавей		Projectile_Wardaway;Projectile_Wardaway_2;Projectile_Wardaway_3;Projectile_Wardaway_4;Projectile_Wardaway_5;Projectile_Wardaway_6;Projectile_Wardaway_spellscroll
hf168720fgd4dbgc575ge2c3g9a0841c3efc9	Warrior of the Gods	Воїн богів		Shout_WarriorOfTheGods;Shout_WarriorOfTheGods_1;Shout_WarriorOfTheGods_2;Shout_WarriorOfTheGods_3;Shout_WarriorOfTheGods_4;Shout_WarriorOfTheGods_5;Shout_WarriorOfTheGods_6
hffe71531ga373g6aebg5c04g34c95b77fed1	Watcher’s Will	Воля спостерігача		Target_WatchersWill;Target_WatchersWill_1;Target_WatchersWill_2;Target_WatchersWill_3;Target_WatchersWill_4;Target_WatchersWill_5;Target_WatchersWill_6
h8003d95eg1760g2a2cg0ed8g04e5bd178f4b	Web Swing	Веб-гойдалка		Target_ArachnoidStalker_WebSwing
h25c230c0g01dbg6406g2c50gfc3e4aa92e7f	Wholeness of Body	Тілесна гармонія	Тілесна гармонія	Shout_WholenessOfBody
h698d6323ge92fg1fd9g8d8bg36d7db994d94	Wild Recovery	Дике відновлення		Shout_WildRecovery
h4fc2af8fg81c5g79b5g40c7gfd252be60f4c	Wild Resurgence	Дике відродження		Shout_WildResurgence;Shout_WildResurgence_1;Shout_WildResurgence_2;Shout_WildResurgence_3;Shout_WildResurgence_4;Shout_WildResurgence_5;Shout_WildResurgence_6
hf1921250gb124g8471g9413g503117f1b821	Wild Shape: Sea	Дика форма: море		Shout_WrathOfTheSea
hd085b0deg3cc9g0858gdf14geef98a4164c3	Word of Radiance	Слово сяйва		Shout_WordOfRadiance;Shout_WordOfRadiance_spellscroll
h3c20f33cgc7dag94d0ge8cag9a5b89fd4b90	Wrath of the Sea	Гнів моря		Target_WrathOfTheSea;Target_WrathOfTheSea_FirstTurn
h656241edg097dg71d1gc1ddg80f0965b5079	Wrath of the Wild	Гнів дикої природи		Shout_WrathOfTheWild
hf40dc054gd469gf99cg895bgc27babafe771	Zealous Presence	Ревна присутність		Shout_ZealousPresence
