change	contentuid	version	English	previous Ukrainian	updated Ukrainian
correction	h6299a92eg8049g117bga5b7g17d26b0619d6	3	"Defy Death. You have Advantage on Death Saving Throws.

Speedy Recovery. As a Bonus Action, you can expend one of your Hit Point Dice, roll the die, and regain a number of Hit Points equal to the roll."	"Кинути виклик смерті. Ви маєте перевагу в кидках протидії смерті.

Швидке відновлення. Під час зцілення ви відновлюєте найбільшу можливу кількість <LSTag Tooltip=""HitPoints"">очок здоров’я</LSTag>."	"Кинути виклик смерті. Ви маєте перевагу в кидках протидії смерті.

Швидке відновлення. Вторинною дією ви можете витратити одну зі своїх кісток здоров’я, кинути її та відновити кількість очок здоров’я, що дорівнює результату кидка."
correction	hf12dc8a9g3079g890agb1ffgdf7b91f3c03d	3	"Defy Death. You have Advantage on Death Saving Throws.

Speedy Recovery. As a Bonus Action, you can expend one of your Hit Point Dice, roll the die, and regain a number of Hit Points equal to the roll."	"Кинути виклик смерті. Ви маєте перевагу в кидках протидії смерті.

Швидке відновлення. Під час зцілення ви відновлюєте найбільшу можливу кількість <LSTag Tooltip=""HitPoints"">очок здоров’я</LSTag>."	"Кинути виклик смерті. Ви маєте перевагу в кидках протидії смерті.

Швидке відновлення. Вторинною дією ви можете витратити одну зі своїх кісток здоров’я, кинути її та відновити кількість очок здоров’я, що дорівнює результату кидка."
correction	he4b058a0g2cdbgba7agf3cfg71fa968bbd61	1	Reassert Honor	Агент Альянсу лордів	Відновлення честі
correction	h9fa0d3deg53aag92d4g5ba5g0185574f2cd7	1	Reassert Honor	Агент Альянсу лордів	Відновлення честі
addition	h1d8bc12ega854g9fa6g115fg40f33b2e239c	1	Speedy Recovery		Швидке відновлення
addition	hfb0b810fg2b5egfcf3g6d93ge130d15d3a4b	1	As a Bonus Action, you can expend one of your Hit Point Dice, roll the die, and regain a number of Hit Points equal to the roll.		Вторинною дією ви можете витратити одну зі своїх кісток здоров’я, кинути її та відновити кількість очок здоров’я, що дорівнює результату кидка.
addition	h1cfa58a7g0e63gc978gdfebg07ca3910c91d	1	Speedy Recovery: D6		Швидке відновлення: d6
addition	hdc2803e7g3ab7gce12ge2e6g43b054b38cf0	1	Speedy Recovery: D8		Швидке відновлення: d8
addition	hdde6e8d1g2ffbg6a90g60c2g5429dfd26e6d	1	Speedy Recovery: D10		Швидке відновлення: d10
addition	h8abbf551g5ac0g6ad5g3629g6c8cc9989df7	1	Speedy Recovery: D12		Швидке відновлення: d12
addition	ha7e36a64gf9b4ge4cdge8cfg3a2c8714b1f5	1	Short Resting		Короткий відпочинок
addition	hdf3ad6cbg407cg0625gf796gbd2b01f64913	1	Charm Monster		Причарування чудовиська
addition	ha49909ccgbb48gcda2gfd1fg1f26911f185f	1	One creature you can see within range makes a Wisdom saving throw. It does so with Advantage if you or your allies are fighting it. On a failed save, the target has the Charmed condition until the spell ends or until you or your allies damage it. The Charmed creature is Friendly to you. When the spell ends, the target knows it was Charmed by you.		Одна видима вам істота в межах досяжності закляття виконує кидок протидії мудрістю. Вона має перевагу в цьому кидку, якщо ви або ваші союзники б’єтеся з нею. У разі провалу ціль набуває стану причарування, доки закляття не закінчиться або доки ви чи ваші союзники не завдасте їй шкоди. Причарована істота доброзичлива до вас. Коли закляття закінчується, ціль усвідомлює, що ви її причарували.
addition	h2597c9e9g3525g4aabga530g4eff672a1b01	1	Scroll of Charm Monster		Сувій «Причарування чудовиська»
addition	h0cce0e4fgf8f2g4536g8cc2g36c5c3834e7d	1	Usable Classes: Bard, Druid, Sorcerer, Warlock, Wizard		Доступні класи: бард, друїд, чародій, чаклун, чарівник
addition	h71308e2agebc9ga056g8f3ag64085d165f1c	1	Dragon Domain		Домен дракона
addition	h50808f80gb6f2g1d53g8967g175e0d38d55f	1	Dragon		Дракон
addition	h700ea52eg9c99gd7e6gde4dg273c50946ace	1	"While dragons are the foremost worshipers of the Dragon Domain, the draconic deities accept the worship of any who crave wealth or power. Clerics of the Dragon Domain, often considered cultists, can channel the power and aspect of dragons, unleashing fearsome elemental magic and manifesting the awe-inspiring presence of an ancient wyrm.

The principal gods of the Dragon Domain include Tiamat, the five-headed mother of chromatic dragons, and Bahamut, the just and wise god of metallic dragons."		"Хоча головними послідовниками домену дракона є самі дракони, драконячі божества приймають поклоніння всіх, хто жадає багатства чи могутності. Клірики домену дракона, яких часто вважають культистами, здатні втілювати силу й подобу драконів, вивільняючи страхітливу стихійну магію та являючи величну присутність прадавнього змія.

До головних богів домену дракона належать Тіамат, п’ятиголова мати хроматичних драконів, і Багамут, справедливий та мудрий бог металевих драконів."
addition	h46b1b3ecg0868g9a06gedcegd7658cf8f65b	1	Level 3: Chromatic Affinity		Рівень 3: Хроматична спорідненість
addition	hc78a280cge0f8gaed4gabceg8275d4b016b4	3	Whenever you finish a Long Rest, choose Acid, Cold, Fire, Lightning, or Poison. Once per turn when you deal damage to a creature, you can deal extra damage of that type equal to your Cleric level to that creature. You can deal this extra damage a number of times equal to your Wisdom modifier (minimum of once). You regain all expended uses when you finish a Long Rest.		Щоразу після завершення довгого відпочинку виберіть кислотну, холодову, вогняну, блискавкову або отрутну шкоду. Один раз за хід, коли ви завдаєте шкоди істоті, ви можете завдати їй додаткової шкоди вибраного типу в кількості, що дорівнює вашому рівню клірика. Ви можете завдати цієї додаткової шкоди кількість разів, що дорівнює вашому модифікатору мудрості (щонайменше один раз). Ви відновлюєте всі витрачені застосування після завершення довгого відпочинку.
addition	hdeeff767g27feg17d7gd19dgdf3ed324b4f9	1	Level 3: Dragon Domain Spells		Рівень 3: Закляття домену дракона
addition	h13ce1cf5g78b1g36f4ge570g79a78fa8b13f	1	Your connection to this divine domain ensures you always have certain spells ready. When you reach a Cleric level specified in the Dragon Domain Spells table, you thereafter always have the listed spells prepared. At 3rd level, you always have Chromatic Orb, Command, Darkvision, and Dragon’s Breath prepared. At 5th level, Fly and Protection from Energy are added. At 7th level, you gain Banishment and Charm Monster, and at 9th level, Dominate Person and Synaptic Static.		Завдяки зв’язку з цим божественним доменом ви завжди маєте напоготові певні закляття. Коли ви досягаєте рівня клірика, зазначеного в таблиці заклять домену дракона, наведені там закляття відтоді завжди підготовлені. На 3-му рівні ви завжди маєте підготовленими «Хроматичну кулю», «Наказ», «Темнозір» і «Дихання дракона». На 5-му рівні додаються «Політ» і «Захист від енергії». На 7-му рівні ви отримуєте «Вигнання» та «Причарування чудовиська», а на 9-му — «Підкорення особи» й «Синаптичний розряд».
addition	h7a72c71dge3ceg382dg0d4eg0a3a9f9e8d36	1	Level 3: Draconic Majesty		Рівень 3: Драконяча велич
addition	h8291ccc5gfdbegf769g12a5gc01ea2a4cbdd	1	As a Magic action, you can present your Holy Symbol and expend a use of your Channel Divinity to manifest an aura of draconic authority around yourself in a 30-foot Emanation. Choose the Charmed or Frightened condition. Each creature of your choice in the Emanation must succeed on a Wisdom saving throw or have the chosen condition for 1 minute. A creature Charmed or Frightened by this feature makes another Wisdom saving throw at the end of each of its turns, ending the condition on itself on a success.		Магічною дією ви можете здійняти священний символ і витратити одне застосування Божого наснаження, щоб створити навколо себе ауру драконячої влади — еманацію радіусом 30 футів. Виберіть стан причарування або переляку. Кожна вибрана вами істота в межах еманації повинна успішно виконати кидок протидії мудрістю, інакше вона набуває вибраного стану на 1 хвилину. Істота, причарована або перелякана цією здібністю, повторює кидок протидії мудрістю наприкінці кожного свого ходу; у разі успіху цей стан для неї закінчується.
addition	h4c2abc64ge336g3c9fgef12g63a76733dcc7	1	Level 6: Wyrm’s Blessing		Рівень 6: Благословення змія
addition	h9df6513eg20a3ge93age02fg7190bcec269a	1	You can expend a use of your Channel Divinity to cast Dragon’s Breath or Protection from Energy on yourself rather than expending a spell slot. When you cast either spell in this way, the spell doesn’t require Concentration. This spell ends early if you cast that spell again, have the Incapacitated condition, or die.		Ви можете витратити одне застосування Божого наснаження, щоб проказати на себе «Дихання дракона» або «Захист від енергії», не витрачаючи чарунки заклять. Проказане в такий спосіб закляття не потребує концентрації. Воно закінчується достроково, якщо ви прокажете його знову, набудете стану недієздатності або помрете.
addition	h4b5feaf6g9b01g5ee4gd966g55a524693904	1	Chromatic Affinity		Хроматична спорідненість
addition	h917c7e4ag19b5g9911g778dgac0c75a9bba9	1	Chromatic Affinity		Хроматична спорідненість
addition	hf814f210g333ag4aeag5f87g929a9260c5cb	2	Whenever you finish a Long Rest, choose Acid, Cold, Fire, Lightning, or Poison. Once per turn when you deal damage to a creature, you can deal extra damage of that type equal to your Cleric level to that creature.		Щоразу після завершення довгого відпочинку виберіть кислотну, холодову, вогняну, блискавкову або отрутну шкоду. Один раз за хід, коли ви завдаєте шкоди істоті, ви можете завдати їй додаткової шкоди вибраного типу в кількості, що дорівнює вашому рівню клірика.
addition	h95ac559eg6dcdg0056g3f01g9fd5c3cd7651	1	You can deal this extra damage a number of times equal to your Wisdom modifier (minimum of once). You regain all expended uses when you finish a Long Rest.		Ви можете завдати цієї додаткової шкоди кількість разів, що дорівнює вашому модифікатору мудрості (щонайменше один раз). Ви відновлюєте всі витрачені застосування після завершення довгого відпочинку.
addition	hb2f87a7eg90a5g255cg636bg1f5548aff156	1	Chromatic Affinity: Acid		Хроматична спорідненість: кислота
addition	h5cfa6ed7gb49cg717eg9b8eg52489fe685fa	1	Chromatic Affinity: Cold		Хроматична спорідненість: холод
addition	ha0376bb1gdbb7g0bb3ga698gc766dfb4c76d	1	Chromatic Affinity: Fire		Хроматична спорідненість: вогонь
addition	he8275a17g6f90ge548g0527g7eb734361d44	1	Chromatic Affinity: Lightning		Хроматична спорідненість: блискавка
addition	h83d343fag216fgb910gf153gf26139ab8f44	1	Chromatic Affinity: Poison		Хроматична спорідненість: отрута
addition	h09a86c40g734agfef8ga34ag6e9bb7f6107b	1	Chromatic Affinity		Хроматична спорідненість
addition	h6f54d84fg4fd2g1714g3774ge9393a34b2a1	2	Once per turn when you deal damage to a creature, you can deal extra damage of that type equal to your Cleric level to that creature. You can deal this extra damage a number of times equal to your Wisdom modifier (minimum of once). You regain all expended uses when you finish a Long Rest.		Один раз за хід, коли ви завдаєте шкоди істоті, ви можете завдати їй додаткової шкоди вибраного типу в кількості, що дорівнює вашому рівню клірика. Ви можете завдати цієї додаткової шкоди кількість разів, що дорівнює вашому модифікатору мудрості (щонайменше один раз). Ви відновлюєте всі витрачені застосування після завершення довгого відпочинку.
addition	h8042d3adgdd7eg4c14g16d3gf172853c762d	1	Chromatic Affinity: Acid		Хроматична спорідненість: кислота
addition	hbcae2db7gfa67g091fg9f12gd7c998b920f3	1	You can deal extra damage of that type equal to your Cleric level to that creature.		Ви можете завдати цій істоті додаткової шкоди вибраного типу в кількості, що дорівнює вашому рівню клірика.
addition	hc1a4e31fgc275g5c08g42adgaa576cec3cda	1	Chromatic Affinity: Cold		Хроматична спорідненість: холод
addition	h76b4fd55gd816g6a6bgf036gd751e5af63d9	1	Chromatic Affinity: Fire		Хроматична спорідненість: вогонь
addition	hf56293bcgbef0g670dgdc2cgaafbafce938b	1	Chromatic Affinity: Lightning		Хроматична спорідненість: блискавка
addition	h14d47d15g4714gda83gb886gb2129b493f72	1	Chromatic Affinity: Poison		Хроматична спорідненість: отрута
addition	h5f5a35c1g26a9g4d26gd62dg67f7db26195d	1	Draconic Majesty		Драконяча велич
addition	h929e2b24g4c43g4ea9g6a85g0a755b1c242c	1	As a Magic action, you can present your Holy Symbol and expend a use of your Channel Divinity to manifest an aura of draconic authority around yourself in a 30-foot Emanation. Choose the Charmed or Frightened condition. Each creature of your choice in the Emanation must succeed on a Wisdom saving throw or have the chosen condition for 1 minute. A creature Charmed or Frightened by this feature makes another Wisdom saving throw at the end of each of its turns, ending the condition on itself on a success.		Магічною дією ви можете здійняти священний символ і витратити одне застосування Божого наснаження, щоб створити навколо себе ауру драконячої влади — еманацію радіусом 30 футів. Виберіть стан причарування або переляку. Кожна вибрана вами істота в межах еманації повинна успішно виконати кидок протидії мудрістю, інакше вона набуває вибраного стану на 1 хвилину. Істота, причарована або перелякана цією здібністю, повторює кидок протидії мудрістю наприкінці кожного свого ходу; у разі успіху цей стан для неї закінчується.
addition	hb624c73cg11bag0d81g0177g2934801a6f74	1	Draconic Majesty: Charm		Драконяча велич: причарування
addition	h6845e7aag9f14gfc51ga53fg76a2de6fedff	1	Draconic Majesty: Fear		Драконяча велич: страх
addition	haeaea6cdg7780g0792g7800g63f6fd5ec861	1	Draconic Majesty: Charm		Драконяча велич: причарування
addition	hc2270a33gb236gcf12g676bga9ec6586e785	1	Draconic Majesty: Fear		Драконяча велич: страх
addition	ha5ac9c2egbb38gb14cg097ag8ecd055eca21	1	Dragon's Breath (Wyrm’s Blessing)		Дихання дракона (Благословення змія)
addition	hc79d025ag7d3dg2747g4484gd5d955fd41ce	1	Protection from Energy (Wyrm’s Blessing)		Захист від енергії (Благословення змія)
addition	h3c8c473bg26ecg406cg8973g137185d1207f	1	Scroll of Arcane Eye		Сувій «Тайне око»
addition	hf2447855gf57fg407cga1d1gfc8287530812	1	Usable Classes: Artificer, Wizard		Доступні класи: винахідник, чарівник
addition	hbd109ef3g9b77g45c3g3819g04b7311ec63c	1	Conjurer		Прикликач
addition	hc7b7ab9ag8476g62b1g36d1g41c9e880470e	1	A Conjurer considers distance and matter to be flexible guidelines rather than physical laws. Conjurers master magic that moves creatures instantly through space and summons creatures to fight on their behalf.		Для прикликача відстань і матерія — гнучкі орієнтири, а не непорушні закони природи. Прикликачі опановують магію, що миттєво переміщує істот у просторі й прикликає істот, які б’ються на їхньому боці.
addition	hc41c5523g44d9gbf23g1e24gff79280418c3	1	Benign Transposition		Транспозиція буття
addition	hc4ff4646g7186g7eccgcd65ge739c13a4219	1	"As a Bonus Action, you teleport up to 30 feet to an unoccupied space that you can see. Alternatively, you can choose a space within range that is occupied by a Medium or smaller creature. If that creature is willing, you both teleport, swapping places.

You can use this feature a number of times equal to your Intelligence modifier (minimum of once), and you regain all expended uses when you finish a Long Rest."		"Вторинною дією ви телепортуєтеся на відстань до 30 футів у видимий вам вільний простір. Натомість ви можете вибрати простір у межах досяжності, зайнятий істотою середнього або меншого розміру. Якщо ця істота згодна, ви обоє телепортуєтеся, міняючись місцями.

Кількість застосувань цієї особливості дорівнює вашому модифікатору інтелекту (щонайменше одне), а всі витрачені застосування відновлюються після довгого відпочинку."
addition	h75b66feageb05g5a0fg580agd8c59865fa54	1	Level 3: Benign Transposition		Рівень 3: Транспозиція буття
addition	h8d3354dag4ecag38a2g2766ge86be91e3c69	2	As a Bonus Action, you teleport up to 30 feet to an unoccupied space that you can see. Alternatively, you can choose a space within range that is occupied by a Medium or smaller creature. If that creature is willing, you both teleport, swapping places.		Вторинною дією ви телепортуєтеся на відстань до 30 футів у видимий вам вільний простір. Натомість ви можете вибрати простір у межах досяжності, зайнятий істотою середнього або меншого розміру. Якщо ця істота згодна, ви обоє телепортуєтеся, міняючись місцями.
addition	hcccc4dceg63b3gc519geaffg4222fa9c8272	1	Level 6: Distant Transposition		Рівень 6: Далека транспозиція
addition	h548afd77gc2b3g89dfgd738gf776357e3e79	1	The range of your Benign Transposition feature increases to 60 feet. Additionally, you can restore one use of it by expending a level 3+ spell slot (no action required).		Досяжність вашої «Транспозиції буття» збільшується до 60 футів. Крім того, ви можете відновити одне її застосування, витративши чарунку заклять рівня 3+ (дія не потрібна).
addition	h6aeeffe5ga331g4d44gda45g81df573d25ff	1	Distant Transposition		Далека транспозиція
addition	h7e99425cg912fg30f6gef4ag9591cab2c074	1	You can restore one use of it by expending a level 3+ spell slot (no action required).		Ви можете відновити одне застосування цієї особливості, витративши чарунку заклять рівня 3+ (дія не потрібна).
addition	h032fd619gf949g7b67gc02bg1aa49a47f618	1	Level 6: Durable Summons		Рівень 6: Витривалі прикликані істоти
addition	h348b7b47g62dbg7635g9ffdgd83c78b35a50	1	When you cast a Conjuration spell to summon or create a creature using a spell slot, that creature gains Temporary Hit Points equal to twice your Wizard level when it first appears. While it has these Temporary Hit Points, the creature has Resistance to every damage type except Force, Necrotic, Psychic, and Radiant.		Коли ви за допомогою чарунки проказуєте закляття школи прикликання, щоб прикликати або створити істоту, ця істота під час своєї першої появи отримує тимчасові очки здоров’я в кількості, що дорівнює подвійному рівню вашого чарівника. Поки в неї є ці тимчасові очки здоров’я, вона має опір усім типам шкоди, крім силової, некротичної, психічної та променевої.
addition	h845a3236geefbg33beg185bg2467fff43415	1	Durable Summons		Витривалі прикликані істоти
addition	h676e103bg0c14g6342g9a43ge904948df27a	1	Creature gains Temporary Hit Points equal to twice your Wizard level when it first appears. While it has these Temporary Hit Points, the creature has Resistance to every damage type except Force, Necrotic, Psychic, and Radiant.		Істота під час своєї першої появи отримує тимчасові очки здоров’я в кількості, що дорівнює подвійному рівню вашого чарівника. Поки в неї є ці тимчасові очки здоров’я, вона має опір усім типам шкоди, крім силової, некротичної, психічної та променевої.
addition	he3310d1eg838ag9594g63d0gcbf4b8b107d2	1	Level 10: Focused Conjuration		Рівень 10: Зосереджене прикликання
addition	haae34dd9ga779g179bg2051g0adab6f310a9	1	Durable Summons		Витривалі прикликані істоти
addition	hb61679e8gf7a0g939cgc02dg8a227cb4d2d5	1	When you cast a Conjuration spell to summon or create a creature using a spell slot, that creature gains Temporary Hit Points equal to twice your Wizard level when it first appears. While it has these Temporary Hit Points, the creature has Resistance to every damage type except Force, Necrotic, Psychic, and Radiant.		Коли ви за допомогою чарунки проказуєте закляття школи прикликання, щоб прикликати або створити істоту, ця істота під час своєї першої появи отримує тимчасові очки здоров’я в кількості, що дорівнює подвійному рівню вашого чарівника. Поки в неї є ці тимчасові очки здоров’я, вона має опір усім типам шкоди, крім силової, некротичної, психічної та променевої.
addition	h123ff8ddg420ag53f6g8efeg32d98a85eac9	1	Enchanter		Зачаровувач
addition	h6be8fe6age82fgfd69g1610g7692b75277f2	1	An Enchanter’s magic clouds or captivates minds. Some Enchanters use their abilities to encourage peace and soften cruelty, while others use their mind-altering magic for selfish ends.		Магія зачаровувача затьмарює розум або полонить його. Одні зачаровувачі використовують свої здібності, щоб спонукати до миру й угамовувати жорстокість, а інші змінюють чужу свідомість магією заради власної вигоди.
addition	h9bde2779g064egab2ege791gee222211a30b	1	Level 3: Enchanting Conversationalist		Рівень 3: Чарівний співрозмовник
addition	h84aa3819g842cg5b17g3e49g4427df0447bd	1	"You gain proficiency in one of the following skills of your choice: Deception, Intimidation, or Persuasion.

In addition, when you make an ability check with the chosen skill, you gain a bonus to the check equal to your Intelligence modifier (minimum of +1)."		"Ви набуваєте спеціалізації в одній навичці на свій вибір: «Обман», «Залякування» або «Переконливість».

Крім того, виконуючи перевірку здібності з використанням вибраної навички, ви отримуєте бонус до перевірки, що дорівнює вашому модифікатору інтелекту (щонайменше +1)."
addition	h89122619g378dg1ff7g1a75g5ef227f1467d	1	Enchanting Conversationalist		Чарівний співрозмовник
addition	h1246a417geb5dgf4cfg5eb1g171763d119f0	1	You gain proficiency in one of the following skills of your choice: Deception, Intimidation, or Persuasion.		Ви набуваєте спеціалізації в одній навичці на свій вибір: «Обман», «Залякування» або «Переконливість».
addition	h3b09fcbeg2879g3b52ge18ag616f586c2db2	1	You can use this feature a number of times equal to your Intelligence modifier (minimum of once), and you regain all expended uses when you finish a Long Rest.		Кількість застосувань цієї особливості дорівнює вашому модифікатору інтелекту (щонайменше одне), а всі витрачені застосування відновлюються після довгого відпочинку.
addition	h3bb95d5cg43aeg5524g5c91ga2aac1cc18fb	1	Level 3: Hypnotic Presence		Рівень 3: Гіпнотична присутність
addition	h44ce0999gffb8gccf4g4429gb9df80d8aa64	1	Your charming words and enchanting gaze can enthrall another creature. As a Magic action, choose one creature that you can see within 10 feet of yourself. If the target can see or hear you, it must succeed on a Wisdom saving throw against your spell save DC or have the Charmed condition for 1 minute or until the target is more than 10 feet away from you, the target can neither see nor hear you, or the target takes damage. While Charmed, the target has the Incapacitated condition and a Speed of 0.		Ваші чарівні слова й чарівливий погляд можуть полонити іншу істоту. Магічною дією виберіть одну видиму вам істоту в межах 10 футів від себе. Якщо ціль бачить або чує вас, вона повинна успішно виконати кидок протидії мудрістю проти вашої МС кидків протидії закляттям, інакше набуде стану причарування на 1 хвилину. Цей стан завершується достроково, якщо ціль опиниться далі ніж за 10 футів від вас, не зможе ні бачити, ні чути вас або зазнає шкоди. Поки ціль причарована, вона перебуває в стані недієздатності, а її швидкість дорівнює 0.
addition	h3bc5a082gab19g8d32gbfdbgd768db453f47	1	You can use this feature a number of times equal to your Intelligence modifier (minimum of once), and you regain all expended uses when you finish a Long Rest.		Кількість застосувань цієї особливості дорівнює вашому модифікатору інтелекту (щонайменше одне), а всі витрачені застосування відновлюються після довгого відпочинку.
addition	h647d27f8gbc52g96e1g69cdg315a86dcccf8	1	Hypnotic Presence		Гіпнотична присутність
addition	h41be3339gff95gfe41g8417g1c4c7af89f07	1	Hypnotic Presence		Гіпнотична присутність
addition	he44f5a5ag8903g58a8g0e1cg2ea347073734	1	"As a Magic action, choose one creature that you can see within 10 feet of yourself. If the target can see or hear you, it must succeed on a Wisdom saving throw against your spell save DC or have the Charmed condition for 1 minute or until the target is more than 10 feet away from you, the target can neither see nor hear you, or the target takes damage. While Charmed, the target has the Incapacitated condition and a Speed of 0.

You can use this feature a number of times equal to your Intelligence modifier (minimum of once), and you regain all expended uses when you finish a Long Rest."		"Магічною дією виберіть одну видиму вам істоту в межах 10 футів від себе. Якщо ціль бачить або чує вас, вона повинна успішно виконати кидок протидії мудрістю проти вашої МС кидків протидії закляттям, інакше набуде стану причарування на 1 хвилину. Цей стан завершується достроково, якщо ціль опиниться далі ніж за 10 футів від вас, не зможе ні бачити, ні чути вас або зазнає шкоди. Поки ціль причарована, вона перебуває в стані недієздатності, а її швидкість дорівнює 0.

Кількість застосувань цієї особливості дорівнює вашому модифікатору інтелекту (щонайменше одне), а всі витрачені застосування відновлюються після довгого відпочинку."
addition	h31766f48g123fg5436g7cebgadbfe368d420	1	Hypnotic Presence		Гіпнотична присутність
addition	hb8b45ed8gd527g7604ge1c1g6df8c0481f88	1	Hypnotic Presence		Гіпнотична присутність
addition	h399533aeg04deg1545ge033g15234947d673	1	Your enchanting gaze holds a creature enthralled. The target is Charmed, Incapacitated, and its Speed is 0. The effect ends if the target moves more than 10 feet away from you, can neither see nor hear you, or takes damage.		Ваш чарівливий погляд тримає істоту в полоні чарів. Ціль причарована й недієздатна, а її швидкість дорівнює 0. Ефект завершується, якщо ціль віддалиться від вас більш ніж на 10 футів, не зможе ні бачити, ні чути вас або зазнає шкоди.
addition	hd522fd82g6859g80ddg72bdge8cf9faa0204	1	Level 6: Split Enchantment		Рівень 6: Подвійне зачарування
addition	h1b565bd8g75aagd7d4g1b3bg1fcb7e03fd42	1	When you use a spell slot to cast an Enchantment spell, such as Charm Person, that can be cast with a higher-level spell slot to target an additional creature, you can increase the spell’s effective level by 1.		Коли ви за допомогою чарунки проказуєте закляття школи зачарування, як-от «Причарування особи», яке можна проказати з чарунки вищого рівня, щоб охопити додаткову істоту, ви можете збільшити ефективний рівень цього закляття на 1.
addition	h7d534ffdg3cbfg9db5g5b60g59c579d97371	1	You can use this feature a number of times equal to your Intelligence modifier, and you regain all expended uses when you finish a Long Rest.		Кількість застосувань цієї особливості дорівнює вашому модифікатору інтелекту, а всі витрачені застосування відновлюються після довгого відпочинку.
addition	h11957647g4276gb09ag4435g42f5fce38d74	1	Split Enchantment		Подвійне зачарування
addition	ha516d403gf15cgb9d8ga87dgc79c55b2ab57	1	"When you use a spell slot to cast an Enchantment spell, such as Charm Person, that can be cast with a higher-level spell slot to target an additional creature, you can increase the spell’s effective level by 1.

You can use this feature a number of times equal to your Intelligence modifier, and you regain all expended uses when you finish a Long Rest."		"Коли ви за допомогою чарунки проказуєте закляття школи зачарування, як-от «Причарування особи», яке можна проказати з чарунки вищого рівня, щоб охопити додаткову істоту, ви можете збільшити ефективний рівень цього закляття на 1.

Кількість застосувань цієї особливості дорівнює вашому модифікатору інтелекту, а всі витрачені застосування відновлюються після довгого відпочинку."
addition	h0005f137g771bg2b3cg5627g7a45c18cdc2f	1	Instinctive Charm		Інстинктивне причарування
addition	ha168556fge640g4803ge1f6g5b1181795ede	2	"When a creature within 30 feet of you that you can see hits you with an attack roll, you can take a Reaction to force the attacker to make a Wisdom saving throw against your spell save DC. On a failed save, the attack misses instead, and if there is another creature within range of the attack other than the attacker, the attacker targets that creature with the triggering attack.

Once you take this Reaction, you can’t do so again until you finish a Long Rest. You can also restore your use of it by casting an Enchantment spell with a spell slot."		"Коли видима вам істота в межах 30 футів від вас влучає у вас за результатом кидка атаки, ви можете застосувати реагування, щоб змусити нападника виконати кидок протидії мудрістю проти вашої МС кидків протидії закляттям. У разі невдачі атака натомість промахується, а якщо в межах її досяжності є інша істота, крім нападника, він спрямовує на неї атаку, що спричинила це реагування.

Застосувавши це реагування, ви не можете застосувати його знову до завершення довгого відпочинку. Ви також можете відновити його застосування, проказавши закляття школи зачарування з використанням чарунки."
addition	h03f62749g8d93g697age178g6e00c7505c96	1	Level 10: Instinctive Charm		Рівень 10: Інстинктивне причарування
addition	he504c8bcgc377gbf92g559cgc2e5c646bb4c	2	When a creature within 30 feet of you that you can see hits you with an attack roll, you can take a Reaction to force the attacker to make a Wisdom saving throw against your spell save DC. On a failed save, the attack misses instead, and if there is another creature within range of the attack other than the attacker, the attacker targets that creature with the triggering attack.		Коли видима вам істота в межах 30 футів від вас влучає у вас за результатом кидка атаки, ви можете застосувати реагування, щоб змусити нападника виконати кидок протидії мудрістю проти вашої МС кидків протидії закляттям. У разі невдачі атака натомість промахується, а якщо в межах її досяжності є інша істота, крім нападника, він спрямовує на неї атаку, що спричинила це реагування.
addition	hbb9b2b7eg8826g4f26g8eebg4b4f9f10f7cf	1	Once you take this Reaction, you can’t do so again until you finish a Long Rest. You can also restore your use of it by casting an Enchantment spell with a spell slot.		Застосувавши це реагування, ви не можете застосувати його знову до завершення довгого відпочинку. Ви також можете відновити його застосування, проказавши закляття школи зачарування з використанням чарунки.
addition	h2b3e0b5egc58eg3bcfg3be2g8ffaee250109	2	When a creature within 30 feet of you that you can see hits you with an attack roll, you can take a Reaction to force the attacker to make a Wisdom saving throw against your spell save DC. On a failed save, the attack misses instead, and if there is another creature within range of the attack other than the attacker, the attacker targets that creature with the triggering attack.		Коли видима вам істота в межах 30 футів від вас влучає у вас за результатом кидка атаки, ви можете застосувати реагування, щоб змусити нападника виконати кидок протидії мудрістю проти вашої МС кидків протидії закляттям. У разі невдачі атака натомість промахується, а якщо в межах її досяжності є інша істота, крім нападника, він спрямовує на неї атаку, що спричинила це реагування.
addition	h9fba7f8cg5990g9731g72f0gc76809331e7a	1	Once you take this Reaction, you can’t do so again until you finish a Long Rest. You can also restore your use of it by casting an Enchantment spell with a spell slot.		Застосувавши це реагування, ви не можете застосувати його знову до завершення довгого відпочинку. Ви також можете відновити його застосування, проказавши закляття школи зачарування з використанням чарунки.
addition	hc2b51980g6775g7323gcf19g5d9e18a98005	1	Warrior of the Mystic Arts		Воїн містичних мистецтв
addition	h11ad4ab1g7828gb79dg3f0bgbed8aba86f24	1	Warriors of the Mystic Arts wield magic to supplement their martial skill. They harness mystical focus to enhance their magical and physical abilities.		Воїни містичних мистецтв доповнюють свою бойову майстерність магією. Завдяки містичному зосередженню вони посилюють свої магічні та фізичні здібності.
addition	hec0b81e7gcaecg454dg6a01gf7ee3f06f85d	1	Level 6: Mystic Focus		Рівень 6: Містичне зосередження
addition	hecde9e49gd641g0f52g4669g1283cdf5dab4	1	"You keep your magical power and martial focus in perfect balance, allowing you to convert spell slots into Focus Points, or convert Focus Points into spell slots.

Converting Spell Slots to Focus Points. You can expend a spell slot to regain a number of expended Focus Points equal to the slot’s level (no action required).

Recovering Spell Slots. When you finish a Short Rest or use Uncanny Metabolism, you can transform unexpended Focus Points to recover one expended spell slot. The Recovering Spell Slots table shows the cost of recovering a spell slot of a given level, and it lists the minimum Monk level you must be to recover a slot. You can recover a spell slot no higher than level 4."		"Ви підтримуєте досконалу рівновагу між магічною силою та бойовим зосередженням, завдяки чому можете перетворювати чарунки на очки зосередження й навпаки.

Перетворення чарунок на очки зосередження. Ви можете витратити чарунку, щоб відновити витрачені очки зосередження в кількості, що дорівнює її рівню (дія не потрібна).

Відновлення чарунок. Завершивши короткий відпочинок або застосувавши «Надприродний метаболізм», ви можете перетворити невитрачені очки зосередження, щоб відновити одну витрачену чарунку. У таблиці «Відновлення чарунок» наведено вартість відновлення чарунки відповідного рівня та мінімальний рівень монаха, потрібний для її відновлення. Ви можете відновити чарунку не вище 4-го рівня."
addition	hc923040bgca3dgc5c9g86f9g4961f50ef2b1	1	Recovering Spell Slots		Відновлення чарунок
addition	h521fcee3g5076g1662gb3feg58e482fefd60	1	When you finish a Short Rest or use Uncanny Metabolism, you can transform unexpended Focus Points to recover one expended spell slot. The Recovering Spell Slots table shows the cost of recovering a spell slot of a given level, and it lists the minimum Monk level you must be to recover a slot. You can recover a spell slot no higher than level 4.		Завершивши короткий відпочинок або застосувавши «Надприродний метаболізм», ви можете перетворити невитрачені очки зосередження, щоб відновити одну витрачену чарунку. У таблиці «Відновлення чарунок» наведено вартість відновлення чарунки відповідного рівня та мінімальний рівень монаха, потрібний для її відновлення. Ви можете відновити чарунку не вище 4-го рівня.
addition	hf7dfcf7fg4e1ag688fg2a49g07e3bc897b31	1	Converting Spell Slots to Focus Points		Перетворення чарунок на очки зосередження
addition	hb46caa96g23cdg8908gb49eg3c668e19bb74	2	You can expend a spell slot to regain a number of expended Focus Points equal to the slot’s level (no action required).		Ви можете витратити чарунку, щоб відновити витрачені очки зосередження в кількості, що дорівнює її рівню (дія не потрібна).
addition	h1846a635g5d11g2a48gdfa8g34c7ee362d62	1	Level 11: Focused Strike		Рівень 11: Зосереджений удар
addition	h52765eb1g3d0bge0a8g7790g0698b9e7e8e0	1	When you use your Stunning Strike, whether the target succeeds or fails on the saving throw, the target has Disadvantage on saving throws against your spells until the start of your next turn.		Коли ви застосовуєте «Приголомшливий удар», незалежно від успіху чи невдачі кидка протидії цілі, до початку вашого наступного ходу вона має заваду в кидках протидії вашим закляттям.
addition	hd40f8684ge685g4a35gcbaeg8aa04eb449f0	1	Focused Strike		Зосереджений удар
addition	he593bdb3gf499g45f7g7575g4056a12e962e	1	Level 2: Swift Retribution		Рівень 2: Стрімка відплата
addition	h452a000dga353g062cg813ag5f0dbe397e9d	1	When an interdicted creature provokes an opportunity attack from you, you can make that attack without using your reaction, provided you’re not incapacitated. Once you benefit from this boon, you can’t do so again until the start of your next turn.		Коли заборонена істота провокує вашу принагідну атаку, ви можете виконати цю атаку без витрати реагування, якщо не перебуваєте в стані недієздатності. Скориставшись цим благом, ви не можете зробити це знову до початку свого наступного ходу.
addition	h82ab0f55g1aa2g4c20ga6dcg6e0ed9ea3d25	1	Swift Retribution		Стрімка відплата
addition	h5f232606g766cg4c15ga98cg4f29d9809829	1	When an interdicted creature provokes an opportunity attack from you, you can make that attack without using your reaction, provided you’re not incapacitated. Once you benefit from this boon, you can’t do so again until the start of your next turn.		Коли заборонена істота провокує вашу принагідну атаку, ви можете виконати цю атаку без витрати реагування, якщо не перебуваєте в стані недієздатності. Скориставшись цим благом, ви не можете зробити це знову до початку свого наступного ходу.
